-- Unit Types
INSERT INTO Types 
(Type,				Kind)
VALUES
('UNIT_ARMORED_INFANTRY',	'KIND_UNIT'),
('UNIT_COMPOSITE_BOWMAN',	'KIND_UNIT'),
('UNIT_CULVERIN',		'KIND_UNIT'),
('UNIT_FIELD_GUN',		'KIND_UNIT'),
('UNIT_HEAVY_INFANTRY',		'KIND_UNIT'),
('UNIT_ARMORED_HORSEMAN',	'KIND_UNIT'),
('UNIT_REITER',			'KIND_UNIT'),
('UNIT_LANDSHIP',		'KIND_UNIT'),
('UNIT_RIFLED_CANNON',		'KIND_UNIT'),
('UNIT_HEAVY_HOWITZER',		'KIND_UNIT'),
('UNIT_LINE_INFANTRY',		'KIND_UNIT'),
('UNIT_WW1_INFANTRY',		'KIND_UNIT'),
('UNIT_FIELD_HOWITZER',		'KIND_UNIT'),
('UNIT_FIELD_ARTILLERY',	'KIND_UNIT'),
('UNIT_HARQUEBUSIER',		'KIND_UNIT'),
('UNIT_MODERN_INFANTRY',	'KIND_UNIT'),
('UNIT_ANTI_TANK_RIFLE',	'KIND_UNIT'),
('UNIT_ANTI_TANK_GUN',		'KIND_UNIT'),
('UNIT_MOUNTED_RIFLES',		'KIND_UNIT'),
('UNIT_ARQUEBUSIER',		'KIND_UNIT'),
('UNIT_AXE_THROWER',		'KIND_UNIT'),
('UNIT_PELTAST',		'KIND_UNIT'),

-- Air Units
('UNIT_WW1_BOMBER',		'KIND_UNIT'),
('UNIT_STEALTH_BOMBER',		'KIND_UNIT'),
('UNIT_STEALTH_FIGHTER',	'KIND_UNIT'),
('UNIT_WW1_GROUND_ATTACK',	'KIND_UNIT'),
('UNIT_GROUND_ATTACK',		'KIND_UNIT'),
('UNIT_JET_GROUND_ATTACK',	'KIND_UNIT'),
('UNIT_STEALTH_ATTACK',		'KIND_UNIT'),
('UNIT_UAV',			'KIND_UNIT'),

-- Naval Units
('UNIT_CORVETTE',		'KIND_UNIT'),
('UNIT_MISSILE_DESTROYER',	'KIND_UNIT'),
('UNIT_SUPERCARRIER',		'KIND_UNIT'),
('UNIT_GALLEASS',		'KIND_UNIT'),
('UNIT_ARMORED_CRUISER',	'KIND_UNIT'),
('UNIT_BATTLECRUISER',		'KIND_UNIT'),
('UNIT_GALLEON',		'KIND_UNIT'),
('UNIT_SHIP_OF_THE_LINE',	'KIND_UNIT'),
('UNIT_PRE_DREADNOUGHT',	'KIND_UNIT'),
('UNIT_ATTACK_SUBMARINE',	'KIND_UNIT'),
('UNIT_INDUSTRIAL_MARINE',	'KIND_UNIT'),
('UNIT_WW2_MARINE',		'KIND_UNIT'),
('UNIT_MODERN_MARINE',		'KIND_UNIT'),
('UNIT_GREEK_FIRE_SHIP',	'KIND_UNIT'),
('UNIT_TORPEDO_GUNBOAT',	'KIND_UNIT'),
('UNIT_LIGHT_CRUISER',		'KIND_UNIT'),
('UNIT_DREADNOUGHT',		'KIND_UNIT'),
('UNIT_RAILGUN_WARSHIP',	'KIND_UNIT'),
('UNIT_RAIDER',			'KIND_UNIT'),

-- Deliverator's Units
('UNIT_LONGSWORDSMAN',		'KIND_UNIT'),
('UNIT_RIFLEMAN',		'KIND_UNIT'),
('UNIT_TREBUCHET',		'KIND_UNIT'),
('UNIT_COG',			'KIND_UNIT'),
('UNIT_GATLING_GUN',		'KIND_UNIT') ;

-- R&F Compatibility
INSERT INTO Types (Type, Kind)
SELECT 'UNIT_WECE_PIKE_AND_SHOT', 'KIND_UNIT' WHERE NOT EXISTS (SELECT 1 FROM Units WHERE UnitType = 'UNIT_PIKE_AND_SHOT') ;

-- GS Compatibility
INSERT INTO Types (Type, Kind)
SELECT 'UNIT_EXPLORER',	'KIND_UNIT' WHERE NOT EXISTS (SELECT 1 FROM Units WHERE UnitType = 'UNIT_SKIRMISHER') ;

INSERT INTO Types (Type, Kind)
SELECT 'UNIT_MEDIEVAL_HORSEMAN', 'KIND_UNIT' WHERE NOT EXISTS (SELECT 1 FROM Units WHERE UnitType = 'UNIT_COURSER') ;

INSERT INTO Types (Type, Kind)
SELECT 'UNIT_DLV_CUIRASSIER', 'KIND_UNIT' WHERE NOT EXISTS (SELECT 1 FROM Units WHERE UnitType = 'UNIT_CUIRASSIER') ;


-- Unit AI Infos
-- Land Units
DELETE FROM UnitAIInfos WHERE UnitType = 'UNIT_HELICOPTER' AND AiType = 'UNITAI_EXPLORE';
DELETE FROM UnitAIInfos WHERE UnitType = 'UNIT_HELICOPTER' AND AiType = 'UNITTYPE_MELEE';
DELETE FROM UnitAIInfos WHERE UnitType = 'UNIT_AT_CREW' AND AiType = 'UNITAI_EXPLORE';
DELETE FROM UnitAIInfos WHERE UnitType = 'UNIT_AT_CREW' AND AiType = 'UNITTYPE_MELEE';
DELETE FROM UnitAIInfos WHERE UnitType = 'UNIT_MODERN_AT' AND AiType = 'UNITAI_EXPLORE';
DELETE FROM UnitAIInfos WHERE UnitType = 'UNIT_MODERN_AT' AND AiType = 'UNITTYPE_MELEE';

INSERT INTO UnitAIInfos
(UnitType,			AiType)
VALUES	
('UNIT_HELICOPTER',		'UNITTYPE_RANGED'),
('UNIT_AT_CREW',		'UNITTYPE_RANGED'),
('UNIT_MODERN_AT',		'UNITTYPE_RANGED'),
('UNIT_MECHANIZED_INFANTRY',	'UNITTYPE_CAVALRY'),
('UNIT_ARMORED_INFANTRY',	'UNITAI_COMBAT'),
('UNIT_ARMORED_INFANTRY',	'UNITAI_EXPLORE'),
('UNIT_ARMORED_INFANTRY',	'UNITTYPE_CAVALRY'),
('UNIT_ARMORED_INFANTRY',	'UNITTYPE_MELEE'),
('UNIT_ARMORED_INFANTRY',	'UNITTYPE_LAND_COMBAT'),
('UNIT_COMPOSITE_BOWMAN',	'UNITAI_COMBAT'),
('UNIT_COMPOSITE_BOWMAN',	'UNITTYPE_RANGED'),
('UNIT_COMPOSITE_BOWMAN',	'UNITTYPE_LAND_COMBAT'),
('UNIT_CULVERIN',		'UNITAI_COMBAT'),
('UNIT_CULVERIN',		'UNITTYPE_RANGED'),
('UNIT_CULVERIN',		'UNITTYPE_LAND_COMBAT'),
('UNIT_FIELD_GUN',		'UNITAI_COMBAT'),
('UNIT_FIELD_GUN',		'UNITTYPE_RANGED'),
('UNIT_FIELD_GUN',		'UNITTYPE_LAND_COMBAT'),
('UNIT_HEAVY_INFANTRY',		'UNITAI_COMBAT'),
('UNIT_HEAVY_INFANTRY',		'UNITAI_EXPLORE'),
('UNIT_HEAVY_INFANTRY',		'UNITTYPE_MELEE'),
('UNIT_HEAVY_INFANTRY',		'UNITTYPE_LAND_COMBAT'),
('UNIT_ARMORED_HORSEMAN',	'UNITAI_COMBAT'),
('UNIT_ARMORED_HORSEMAN',	'UNITTYPE_MELEE'),
('UNIT_ARMORED_HORSEMAN',	'UNITTYPE_CAVALRY'),
('UNIT_ARMORED_HORSEMAN',	'UNITTYPE_LAND_COMBAT'),
('UNIT_REITER',			'UNITAI_COMBAT'),
('UNIT_REITER',			'UNITTYPE_MELEE'),
('UNIT_REITER',			'UNITTYPE_CAVALRY'),
('UNIT_REITER',			'UNITTYPE_LAND_COMBAT'),
('UNIT_LANDSHIP',		'UNITAI_COMBAT'),
('UNIT_LANDSHIP',		'UNITTYPE_MELEE'),
('UNIT_LANDSHIP',		'UNITTYPE_CAVALRY'),
('UNIT_LANDSHIP',		'UNITTYPE_LAND_COMBAT'),
('UNIT_RIFLED_CANNON',		'UNITAI_COMBAT'),
('UNIT_RIFLED_CANNON',		'UNITTYPE_RANGED'),
('UNIT_RIFLED_CANNON',		'UNITTYPE_SIEGE'),
('UNIT_RIFLED_CANNON',		'UNITTYPE_SIEGE_ALL'),
('UNIT_RIFLED_CANNON',		'UNITTYPE_LAND_COMBAT'),
('UNIT_HEAVY_HOWITZER',		'UNITAI_COMBAT'),
('UNIT_HEAVY_HOWITZER',		'UNITTYPE_RANGED'),
('UNIT_HEAVY_HOWITZER',		'UNITTYPE_SIEGE'),
('UNIT_HEAVY_HOWITZER',		'UNITTYPE_SIEGE_ALL'),
('UNIT_HEAVY_HOWITZER',		'UNITTYPE_LAND_COMBAT'),
('UNIT_LINE_INFANTRY',		'UNITAI_COMBAT'),
('UNIT_LINE_INFANTRY',		'UNITAI_EXPLORE'),
('UNIT_LINE_INFANTRY',		'UNITTYPE_MELEE'),
('UNIT_LINE_INFANTRY',		'UNITTYPE_LAND_COMBAT'),
('UNIT_WW1_INFANTRY',		'UNITAI_COMBAT'),
('UNIT_WW1_INFANTRY',		'UNITAI_EXPLORE'),
('UNIT_WW1_INFANTRY',		'UNITTYPE_MELEE'),
('UNIT_WW1_INFANTRY',		'UNITTYPE_LAND_COMBAT'),
('UNIT_FIELD_HOWITZER',		'UNITAI_COMBAT'),
('UNIT_FIELD_HOWITZER',		'UNITTYPE_RANGED'),
('UNIT_FIELD_HOWITZER',		'UNITTYPE_LAND_COMBAT'),
('UNIT_FIELD_ARTILLERY',	'UNITAI_COMBAT'),
('UNIT_FIELD_ARTILLERY',	'UNITTYPE_RANGED'),
('UNIT_FIELD_ARTILLERY',	'UNITTYPE_LAND_COMBAT'),
('UNIT_HARQUEBUSIER',		'UNITAI_COMBAT'),
('UNIT_HARQUEBUSIER',		'UNITAI_EXPLORE'),
('UNIT_HARQUEBUSIER',		'UNITTYPE_CAVALRY'),
('UNIT_HARQUEBUSIER',		'UNITTYPE_MELEE'),
('UNIT_HARQUEBUSIER',		'UNITTYPE_LAND_COMBAT'),
('UNIT_MODERN_INFANTRY',	'UNITAI_COMBAT'),
('UNIT_MODERN_INFANTRY',	'UNITAI_EXPLORE'),
('UNIT_MODERN_INFANTRY',	'UNITTYPE_MELEE'),
('UNIT_MODERN_INFANTRY',	'UNITTYPE_LAND_COMBAT'),
('UNIT_ANTI_TANK_RIFLE',	'UNITAI_COMBAT'),
('UNIT_ANTI_TANK_RIFLE',	'UNITTYPE_RANGED'),
('UNIT_ANTI_TANK_RIFLE',	'UNITTYPE_LAND_COMBAT'),
('UNIT_ANTI_TANK_GUN',		'UNITAI_COMBAT'),
('UNIT_ANTI_TANK_GUN',		'UNITTYPE_RANGED'),
('UNIT_ANTI_TANK_GUN',		'UNITTYPE_LAND_COMBAT'),
('UNIT_MOUNTED_RIFLES',		'UNITAI_COMBAT'),
('UNIT_MOUNTED_RIFLES',		'UNITAI_EXPLORE'),
('UNIT_MOUNTED_RIFLES',		'UNITTYPE_CAVALRY'),
('UNIT_MOUNTED_RIFLES',		'UNITTYPE_MELEE'),
('UNIT_MOUNTED_RIFLES',		'UNITTYPE_LAND_COMBAT'),
('UNIT_ARQUEBUSIER',		'UNITAI_COMBAT'),
('UNIT_ARQUEBUSIER',		'UNITTYPE_RANGED'),
('UNIT_ARQUEBUSIER',		'UNITTYPE_LAND_COMBAT'),
('UNIT_AXE_THROWER',		'UNITAI_COMBAT'),
('UNIT_AXE_THROWER',		'UNITTYPE_RANGED'),
('UNIT_AXE_THROWER',		'UNITTYPE_LAND_COMBAT'),
('UNIT_PELTAST',		'UNITAI_COMBAT'),
('UNIT_PELTAST',		'UNITTYPE_RANGED'),
('UNIT_PELTAST',		'UNITTYPE_LAND_COMBAT'),

-- Air Units
('UNIT_WW1_BOMBER',		'UNITAI_COMBAT'),
('UNIT_WW1_BOMBER',		'UNITTYPE_AIR_SIEGE'),
('UNIT_STEALTH_BOMBER',		'UNITAI_COMBAT'),
('UNIT_STEALTH_BOMBER',		'UNITTYPE_NUCLEAR'),
('UNIT_STEALTH_BOMBER',		'UNITTYPE_AIR_SIEGE'),
('UNIT_STEALTH_FIGHTER',	'UNITAI_COMBAT'),
('UNIT_STEALTH_FIGHTER',	'UNITTYPE_AIR'),
('UNIT_WW1_GROUND_ATTACK',	'UNITAI_COMBAT'),
('UNIT_WW1_GROUND_ATTACK',	'UNITTYPE_AIR'),
('UNIT_WW1_GROUND_ATTACK',	'UNITTYPE_AIR_SIEGE'),
('UNIT_GROUND_ATTACK',		'UNITAI_COMBAT'),
('UNIT_GROUND_ATTACK',		'UNITTYPE_AIR'),
('UNIT_GROUND_ATTACK',		'UNITTYPE_AIR_SIEGE'),
('UNIT_JET_GROUND_ATTACK',	'UNITAI_COMBAT'),
('UNIT_JET_GROUND_ATTACK',	'UNITTYPE_AIR'),
('UNIT_JET_GROUND_ATTACK',	'UNITTYPE_AIR_SIEGE'),
('UNIT_STEALTH_ATTACK',		'UNITAI_COMBAT'),
('UNIT_STEALTH_ATTACK',		'UNITTYPE_AIR'),
('UNIT_STEALTH_ATTACK',		'UNITTYPE_AIR_SIEGE'),
('UNIT_UAV',			'UNITAI_COMBAT'),
('UNIT_UAV',			'UNITAI_EXPLORE'),
('UNIT_UAV',			'UNITTYPE_RANGED'),
('UNIT_UAV',			'UNITTYPE_LAND_COMBAT'),

-- Naval Units
('UNIT_CORVETTE',	   	'UNITAI_COMBAT'),
('UNIT_CORVETTE',	   	'UNITAI_EXPLORE'),
('UNIT_CORVETTE', 	   	'UNITTYPE_MELEE'),
('UNIT_CORVETTE',	   	'UNITTYPE_NAVAL'),
('UNIT_MISSILE_DESTROYER',	'UNITAI_COMBAT'),
('UNIT_MISSILE_DESTROYER',	'UNITAI_EXPLORE'),
('UNIT_MISSILE_DESTROYER',	'UNITTYPE_MELEE'),
('UNIT_MISSILE_DESTROYER',	'UNITTYPE_NAVAL'),
('UNIT_SUPERCARRIER',		'UNITAI_COMBAT'),
('UNIT_SUPERCARRIER',		'UNITTYPE_NAVAL'),
('UNIT_GALLEASS',		'UNITAI_COMBAT'),
('UNIT_GALLEASS',		'UNITTYPE_RANGED'),
('UNIT_GALLEASS',		'UNITTYPE_NAVAL'),
('UNIT_ARMORED_CRUISER',	'UNITAI_COMBAT'),
('UNIT_ARMORED_CRUISER',	'UNITTYPE_RANGED'),
('UNIT_ARMORED_CRUISER',	'UNITTYPE_NAVAL'),
('UNIT_BATTLECRUISER',		'UNITAI_COMBAT'),
('UNIT_BATTLECRUISER',		'UNITTYPE_RANGED'),
('UNIT_BATTLECRUISER',		'UNITTYPE_NAVAL'),
('UNIT_GALLEON',	   	'UNITAI_COMBAT'),
('UNIT_GALLEON',	   	'UNITTYPE_RANGED'),
('UNIT_GALLEON',	   	'UNITTYPE_NAVAL'),
('UNIT_SHIP_OF_THE_LINE',	'UNITAI_COMBAT'),
('UNIT_SHIP_OF_THE_LINE',	'UNITTYPE_RANGED'),
('UNIT_SHIP_OF_THE_LINE',	'UNITTYPE_NAVAL'),
('UNIT_PRE_DREADNOUGHT',	'UNITAI_COMBAT'),
('UNIT_PRE_DREADNOUGHT',	'UNITTYPE_RANGED'),
('UNIT_PRE_DREADNOUGHT',	'UNITTYPE_NAVAL'),
('UNIT_ATTACK_SUBMARINE',	'UNITAI_COMBAT'),
('UNIT_ATTACK_SUBMARINE',	'UNITTYPE_MELEE'),
('UNIT_ATTACK_SUBMARINE',	'UNITTYPE_NAVAL'),
('UNIT_INDUSTRIAL_MARINE',	'UNITAI_COMBAT'),
('UNIT_INDUSTRIAL_MARINE',	'UNITAI_EXPLORE'),
('UNIT_INDUSTRIAL_MARINE',	'UNITTYPE_MELEE'),
('UNIT_INDUSTRIAL_MARINE',	'UNITTYPE_LAND_COMBAT'),
('UNIT_WW2_MARINE',		'UNITAI_COMBAT'),
('UNIT_WW2_MARINE',		'UNITAI_EXPLORE'),
('UNIT_WW2_MARINE',		'UNITTYPE_MELEE'),
('UNIT_WW2_MARINE',		'UNITTYPE_LAND_COMBAT'),
('UNIT_MODERN_MARINE',		'UNITAI_COMBAT'),
('UNIT_MODERN_MARINE',		'UNITAI_EXPLORE'),
('UNIT_MODERN_MARINE',		'UNITTYPE_MELEE'),
('UNIT_MODERN_MARINE',		'UNITTYPE_LAND_COMBAT'),
('UNIT_GREEK_FIRE_SHIP',	'UNITAI_COMBAT'),
('UNIT_GREEK_FIRE_SHIP',	'UNITTYPE_RANGED'),
('UNIT_GREEK_FIRE_SHIP',	'UNITTYPE_NAVAL'),
('UNIT_TORPEDO_GUNBOAT',	'UNITAI_COMBAT'),
('UNIT_TORPEDO_GUNBOAT',	'UNITAI_EXPLORE'),
('UNIT_TORPEDO_GUNBOAT',	'UNITTYPE_MELEE'),
('UNIT_TORPEDO_GUNBOAT',	'UNITTYPE_NAVAL'),
('UNIT_LIGHT_CRUISER',		'UNITAI_COMBAT'),
('UNIT_LIGHT_CRUISER',		'UNITTYPE_RANGED'),
('UNIT_LIGHT_CRUISER',		'UNITTYPE_NAVAL'),
('UNIT_DREADNOUGHT',		'UNITAI_COMBAT'),
('UNIT_DREADNOUGHT',		'UNITTYPE_RANGED'),
('UNIT_DREADNOUGHT',		'UNITTYPE_NAVAL'),
('UNIT_RAILGUN_WARSHIP',	'UNITAI_COMBAT'),
('UNIT_RAILGUN_WARSHIP',	'UNITTYPE_RANGED'),
('UNIT_RAILGUN_WARSHIP',	'UNITTYPE_NAVAL'),
('UNIT_RAIDER',			'UNITTYPE_NAVAL'),
('UNIT_RAIDER',			'UNITTYPE_RANGED'),
('UNIT_RAIDER',			'UNITAI_COMBAT'),

-- Deliverator's Units
('UNIT_LONGSWORDSMAN',		'UNITAI_COMBAT'),
('UNIT_LONGSWORDSMAN',		'UNITAI_EXPLORE'),
('UNIT_LONGSWORDSMAN',		'UNITTYPE_MELEE'),
('UNIT_LONGSWORDSMAN',		'UNITTYPE_LAND_COMBAT'),
('UNIT_RIFLEMAN',		'UNITAI_COMBAT'),
('UNIT_RIFLEMAN',		'UNITAI_EXPLORE'),
('UNIT_RIFLEMAN',		'UNITTYPE_MELEE'),
('UNIT_RIFLEMAN',		'UNITTYPE_LAND_COMBAT'),
('UNIT_TREBUCHET',		'UNITAI_COMBAT'),
('UNIT_TREBUCHET',		'UNITTYPE_RANGED'),
('UNIT_TREBUCHET',		'UNITTYPE_SIEGE'),
('UNIT_TREBUCHET',		'UNITTYPE_SIEGE_ALL'),
('UNIT_TREBUCHET',		'UNITTYPE_LAND_COMBAT'),
('UNIT_COG',			'UNITAI_COMBAT'),
('UNIT_COG',			'UNITAI_EXPLORE'),
('UNIT_COG',			'UNITTYPE_MELEE'),
('UNIT_COG',			'UNITTYPE_NAVAL'),
('UNIT_GATLING_GUN',		'UNITAI_COMBAT'),
('UNIT_GATLING_GUN',		'UNITTYPE_RANGED'),
('UNIT_GATLING_GUN',		'UNITTYPE_LAND_COMBAT') ;

-- R&F Compatibility
INSERT INTO UnitAIInfos (UnitType, AiType)
SELECT 'UNIT_WECE_PIKE_AND_SHOT', 'UNITAI_COMBAT' WHERE NOT EXISTS (SELECT 1 FROM Units WHERE UnitType = 'UNIT_PIKE_AND_SHOT') ;

INSERT INTO UnitAIInfos (UnitType, AiType)
SELECT 'UNIT_WECE_PIKE_AND_SHOT', 'UNITAI_EXPLORE' WHERE NOT EXISTS (SELECT 1 FROM Units WHERE UnitType = 'UNIT_PIKE_AND_SHOT') ;

INSERT INTO UnitAIInfos (UnitType, AiType)
SELECT 'UNIT_WECE_PIKE_AND_SHOT', 'UNITTYPE_MELEE' WHERE NOT EXISTS (SELECT 1 FROM Units WHERE UnitType = 'UNIT_PIKE_AND_SHOT') ;

INSERT INTO UnitAIInfos (UnitType, AiType)
SELECT 'UNIT_WECE_PIKE_AND_SHOT', 'UNITTYPE_LAND_COMBAT' WHERE NOT EXISTS (SELECT 1 FROM Units WHERE UnitType = 'UNIT_PIKE_AND_SHOT') ;

-- GS Compatibility
INSERT INTO UnitAIInfos (UnitType, AiType)
SELECT 'UNIT_EXPLORER', 'UNITAI_EXPLORE' WHERE NOT EXISTS (SELECT 1 FROM Units WHERE UnitType = 'UNIT_SKIRMISHER') ;

INSERT INTO UnitAIInfos (UnitType, AiType)
SELECT 'UNIT_EXPLORER', 'UNITTYPE_LAND_COMBAT' WHERE NOT EXISTS (SELECT 1 FROM Units WHERE UnitType = 'UNIT_SKIRMISHER') ;

INSERT INTO UnitAIInfos (UnitType, AiType)
SELECT 'UNIT_EXPLORER', 'UNITTYPE_MELEE' WHERE NOT EXISTS (SELECT 1 FROM Units WHERE UnitType = 'UNIT_SKIRMISHER') ;

INSERT INTO UnitAIInfos (UnitType, AiType)
SELECT 'UNIT_MEDIEVAL_HORSEMAN', 'UNITAI_COMBAT' WHERE NOT EXISTS (SELECT 1 FROM Units WHERE UnitType = 'UNIT_COURSER') ;

INSERT INTO UnitAIInfos (UnitType, AiType)
SELECT 'UNIT_MEDIEVAL_HORSEMAN', 'UNITAI_EXPLORE' WHERE NOT EXISTS (SELECT 1 FROM Units WHERE UnitType = 'UNIT_COURSER') ;

INSERT INTO UnitAIInfos (UnitType, AiType)
SELECT 'UNIT_MEDIEVAL_HORSEMAN', 'UNITTYPE_CAVALRY' WHERE NOT EXISTS (SELECT 1 FROM Units WHERE UnitType = 'UNIT_COURSER') ;

INSERT INTO UnitAIInfos (UnitType, AiType)
SELECT 'UNIT_MEDIEVAL_HORSEMAN', 'UNITTYPE_MELEE' WHERE NOT EXISTS (SELECT 1 FROM Units WHERE UnitType = 'UNIT_COURSER') ;

INSERT INTO UnitAIInfos (UnitType, AiType)
SELECT 'UNIT_MEDIEVAL_HORSEMAN', 'UNITTYPE_LAND_COMBAT' WHERE NOT EXISTS (SELECT 1 FROM Units WHERE UnitType = 'UNIT_COURSER') ;

INSERT INTO UnitAIInfos (UnitType, AiType)
SELECT 'UNIT_DLV_CUIRASSIER', 'UNITAI_COMBAT' WHERE NOT EXISTS (SELECT 1 FROM Units WHERE UnitType = 'UNIT_CUIRASSIER') ;

INSERT INTO UnitAIInfos (UnitType, AiType)
SELECT 'UNIT_DLV_CUIRASSIER', 'UNITTYPE_MELEE' WHERE NOT EXISTS (SELECT 1 FROM Units WHERE UnitType = 'UNIT_CUIRASSIER') ;

INSERT INTO UnitAIInfos (UnitType, AiType)
SELECT 'UNIT_DLV_CUIRASSIER', 'UNITTYPE_CAVALRY' WHERE NOT EXISTS (SELECT 1 FROM Units WHERE UnitType = 'UNIT_CUIRASSIER') ;

INSERT INTO UnitAIInfos (UnitType, AiType)
SELECT 'UNIT_DLV_CUIRASSIER', 'UNITTYPE_LAND_COMBAT' WHERE NOT EXISTS (SELECT 1 FROM Units WHERE UnitType = 'UNIT_CUIRASSIER') ;

-- Class Type Tags
DELETE FROM TypeTags WHERE Type = 'UNIT_HELICOPTER' AND Tag = 'CLASS_LIGHT_CAVALRY';
DELETE FROM TypeTags WHERE Type = 'UNIT_AT_CREW' AND Tag = 'CLASS_ANTI_CAVALRY';
DELETE FROM TypeTags WHERE Type = 'UNIT_MODERN_AT' AND Tag = 'CLASS_ANTI_CAVALRY';

INSERT INTO TypeTags
(Type,				Tag)
VALUES
('UNIT_HELICOPTER',		'CLASS_ANTI_CAVALRY'),
('UNIT_HELICOPTER',		'CLASS_RANGED'),
('UNIT_MACHINE_GUN',		'CLASS_AUTOMATIC_GUN'),
('UNIT_SLINGER',		'CLASS_AUTOMATIC_GUN'),
('UNIT_AT_CREW',		'CLASS_RANGED'),
('UNIT_AT_CREW',		'CLASS_AUTOMATIC_GUN'),
('UNIT_MODERN_AT',		'CLASS_RANGED'),
('UNIT_MODERN_AT',		'CLASS_AUTOMATIC_GUN'),
('UNIT_MECHANIZED_INFANTRY',	'CLASS_LIGHT_CAVALRY'),
('UNIT_ARMORED_INFANTRY',	'CLASS_MELEE'),
('UNIT_ARMORED_INFANTRY',	'CLASS_LIGHT_CAVALRY'),
('UNIT_COMPOSITE_BOWMAN',	'CLASS_RANGED'),
('UNIT_CULVERIN',		'CLASS_RANGED'),
('UNIT_FIELD_GUN',		'CLASS_RANGED'),
('UNIT_HEAVY_INFANTRY',		'CLASS_ANTI_CAVALRY'),
('UNIT_ARMORED_HORSEMAN',	'CLASS_HEAVY_CAVALRY'),
('UNIT_REITER',			'CLASS_HEAVY_CAVALRY'),
('UNIT_LANDSHIP',		'CLASS_HEAVY_CAVALRY'),
('UNIT_RIFLED_CANNON',		'CLASS_SIEGE'),
('UNIT_RIFLED_CANNON',		'CLASS_SIEGE_SETUP'),
('UNIT_RIFLED_CANNON',		'CLASS_FORWARD_OBSERVER'),
('UNIT_HEAVY_HOWITZER',		'CLASS_SIEGE'),
('UNIT_HEAVY_HOWITZER',		'CLASS_SIEGE_SETUP'),
('UNIT_HEAVY_HOWITZER',		'CLASS_FORWARD_OBSERVER'),
('UNIT_LINE_INFANTRY',		'CLASS_ANTI_CAVALRY'),
('UNIT_WW1_INFANTRY',		'CLASS_MELEE'),
('UNIT_FIELD_HOWITZER',		'CLASS_RANGED'),
('UNIT_FIELD_ARTILLERY',	'CLASS_RANGED'),
('UNIT_HARQUEBUSIER',		'CLASS_LIGHT_CAVALRY'),
('UNIT_MODERN_INFANTRY',	'CLASS_MELEE'),
('UNIT_ANTI_TANK_RIFLE',	'CLASS_ANTI_CAVALRY'),
('UNIT_ANTI_TANK_RIFLE',	'CLASS_RANGED'),
('UNIT_ANTI_TANK_GUN',		'CLASS_ANTI_CAVALRY'),
('UNIT_ANTI_TANK_GUN',		'CLASS_RANGED'),
('UNIT_MOUNTED_RIFLES',		'CLASS_MELEE'),
('UNIT_MOUNTED_RIFLES',		'CLASS_LIGHT_CAVALRY'),
('UNIT_ARQUEBUSIER',		'CLASS_RANGED'),
('UNIT_ARQUEBUSIER',		'CLASS_AUTOMATIC_GUN'),
('UNIT_AXE_THROWER',		'CLASS_RANGED'),
('UNIT_AXE_THROWER',		'CLASS_AUTOMATIC_GUN'),
('UNIT_PELTAST',		'CLASS_RANGED'),
('UNIT_PELTAST',		'CLASS_AUTOMATIC_GUN'),

-- Air Units
('UNIT_WW1_BOMBER',		'CLASS_AIRCRAFT'),
('UNIT_STEALTH_BOMBER',		'CLASS_AIRCRAFT'),
('UNIT_STEALTH_BOMBER',		'CLASS_STEALTH'),
('UNIT_STEALTH_FIGHTER',	'CLASS_AIRCRAFT'),
('UNIT_STEALTH_FIGHTER',	'CLASS_STEALTH'),
('UNIT_WW1_GROUND_ATTACK',	'CLASS_AIRCRAFT'),
('UNIT_GROUND_ATTACK',		'CLASS_AIRCRAFT'),
('UNIT_JET_GROUND_ATTACK',	'CLASS_AIRCRAFT'),
('UNIT_STEALTH_ATTACK',		'CLASS_AIRCRAFT'),
('UNIT_STEALTH_ATTACK',		'CLASS_STEALTH'),
('UNIT_UAV',			'CLASS_RANGED'),
('UNIT_UAV',			'CLASS_AUTOMATIC_GUN'),

-- Naval Units
('UNIT_CORVETTE',		'CLASS_NAVAL_MELEE'),
('UNIT_MISSILE_DESTROYER',	'CLASS_NAVAL_MELEE'),
('UNIT_MISSILE_DESTROYER',	'CLASS_REVEAL_STEALTH'),
('UNIT_MISSILE_DESTROYER',	'CLASS_ANTI_AIR'),
('UNIT_SUPERCARRIER',		'CLASS_NAVAL_CARRIER'),
('UNIT_GALLEASS',		'CLASS_NAVAL_RANGED'),
('UNIT_ARMORED_CRUISER',	'CLASS_NAVAL_RANGED'),
('UNIT_BATTLECRUISER',		'CLASS_NAVAL_RANGED'),
('UNIT_BATTLECRUISER',		'CLASS_ANTI_AIR'),
('UNIT_GALLEON',		'CLASS_NAVAL_RANGED'),
('UNIT_GALLEON',		'CLASS_NAVAL_BOMBARD'),
('UNIT_SHIP_OF_THE_LINE',	'CLASS_NAVAL_RANGED'),
('UNIT_SHIP_OF_THE_LINE',	'CLASS_NAVAL_BOMBARD'),
('UNIT_PRE_DREADNOUGHT',	'CLASS_NAVAL_RANGED'),
('UNIT_PRE_DREADNOUGHT',	'CLASS_NAVAL_BOMBARD'),
('UNIT_BATTLESHIP',		'CLASS_NAVAL_BOMBARD'),
('UNIT_ATTACK_SUBMARINE',	'CLASS_NAVAL_MELEE'),
('UNIT_ATTACK_SUBMARINE',	'CLASS_STEALTH'),
('UNIT_ATTACK_SUBMARINE',	'CLASS_REVEAL_STEALTH'),
('UNIT_ATTACK_SUBMARINE',	'CLASS_ATTACK_SUBMARINE'),
('UNIT_INDUSTRIAL_MARINE',	'CLASS_MELEE'),
('UNIT_INDUSTRIAL_MARINE',	'CLASS_MARINE'),
('UNIT_WW2_MARINE',		'CLASS_MELEE'),
('UNIT_WW2_MARINE',		'CLASS_MARINE'),
('UNIT_MODERN_MARINE',		'CLASS_MELEE'),
('UNIT_MODERN_MARINE',		'CLASS_MARINE'),
('UNIT_GREEK_FIRE_SHIP',	'CLASS_NAVAL_RANGED'),
('UNIT_GREEK_FIRE_SHIP',	'CLASS_NAVAL_BOMBARD'),
('UNIT_TORPEDO_GUNBOAT',	'CLASS_NAVAL_MELEE'),
('UNIT_LIGHT_CRUISER',		'CLASS_NAVAL_RANGED'),
('UNIT_DREADNOUGHT',		'CLASS_NAVAL_RANGED'),
('UNIT_DREADNOUGHT',		'CLASS_NAVAL_BOMBARD'),
('UNIT_RAILGUN_WARSHIP',	'CLASS_NAVAL_RANGED'),
('UNIT_RAILGUN_WARSHIP',	'CLASS_NAVAL_BOMBARD'),
('UNIT_RAIDER',			'CLASS_NAVAL_RAIDER'),
('UNIT_RAIDER',			'CLASS_NAVAL_RANGED'),
('UNIT_RAIDER',			'CLASS_STEALTH'),
('UNIT_RAIDER',			'CLASS_REVEAL_STEALTH'),

-- Deliverator's Units
('UNIT_LONGSWORDSMAN',		'CLASS_MELEE'),
('UNIT_RIFLEMAN',		'CLASS_MELEE'),
('UNIT_TREBUCHET',		'CLASS_SIEGE'),
('UNIT_TREBUCHET',		'CLASS_SIEGE_SETUP'),
('UNIT_GATLING_GUN',		'CLASS_RANGED'),
('UNIT_COG',			'CLASS_NAVAL_MELEE'),
('UNIT_GATLING_GUN',		'CLASS_AUTOMATIC_GUN') ;


-- R&F Compatibility
INSERT INTO TypeTags (Type, Tag)
SELECT 'UNIT_HEAVY_HOWITZER', 'CLASS_TARGETTING_ASSIST' WHERE EXISTS (SELECT 1 FROM Units WHERE UnitType = 'UNIT_DRONE') ;

INSERT INTO TypeTags (Type, Tag)
SELECT 'UNIT_UAV', 'CLASS_DRONE' WHERE EXISTS (SELECT 1 FROM Units WHERE UnitType = 'UNIT_DRONE') ;

INSERT INTO TypeTags (Type, Tag)
SELECT 'UNIT_UAV', 'CLASS_HELICOPTER' WHERE NOT EXISTS (SELECT 1 FROM Units WHERE UnitType = 'UNIT_DRONE') ;

INSERT INTO TypeTags (Type, Tag)
SELECT 'UNIT_WECE_PIKE_AND_SHOT', 'CLASS_ANTI_CAVALRY' WHERE NOT EXISTS (SELECT 1 FROM Units WHERE UnitType = 'UNIT_PIKE_AND_SHOT') ;

-- GS Compatibility
INSERT INTO TypeTags (Type, Tag)
SELECT 'UNIT_EXPLORER', 'CLASS_RECON' WHERE NOT EXISTS (SELECT 1 FROM Units WHERE UnitType = 'UNIT_SKIRMISHER') ;

INSERT INTO TypeTags (Type, Tag)
SELECT 'UNIT_EXPLORER', 'CLASS_REVEAL_STEALTH' WHERE NOT EXISTS (SELECT 1 FROM Units WHERE UnitType = 'UNIT_SKIRMISHER') ;

INSERT INTO TypeTags (Type, Tag)
SELECT 'UNIT_MEDIEVAL_HORSEMAN', 'CLASS_LIGHT_CAVALRY' WHERE NOT EXISTS (SELECT 1 FROM Units WHERE UnitType = 'UNIT_COURSER') ;

INSERT INTO TypeTags (Type, Tag)
SELECT 'UNIT_DLV_CUIRASSIER', 'CLASS_HEAVY_CAVALRY' WHERE NOT EXISTS (SELECT 1 FROM Units WHERE UnitType = 'UNIT_CUIRASSIER') ;

-- New Units
INSERT INTO Units
(UnitType, 			BaseMoves, 	Cost,	AdvisorType,		BaseSightRange,	ZoneOfControl,	Domain,		FormationClass,			Name,					Description,					PurchaseYield,	PseudoYieldType,			PromotionClass,				Maintenance,	Combat,	RangedCombat,	Range,	Bombard,	StrategicResource,	PrereqTech,			MandatoryObsoleteTech,		CanTargetAir,	AntiAirCombat,	AirSlots,	IgnoreMoves,	Stackable,	PrereqDistrict,		CanCapture,	WMDCapable)
VALUES	
('UNIT_ARMORED_INFANTRY',	5,		470,	'ADVISOR_CONQUEST',	2,		1,		'DOMAIN_LAND',	'FORMATION_CLASS_LAND_COMBAT',	'LOC_UNIT_ARMORED_INFANTRY_NAME',	'LOC_UNIT_ARMORED_INFANTRY_DESCRIPTION',	'YIELD_GOLD',	null,					'PROMOTION_CLASS_LIGHT_CAVALRY',	7,		80,	0,		0,	0,		'RESOURCE_OIL',		'TECH_COMBINED_ARMS',		'TECH_SATELLITES',		0,		0,		0,		0,		0,		null,			1,		0),
('UNIT_COMPOSITE_BOWMAN',	2,		85,	'ADVISOR_CONQUEST',	2,		0,		'DOMAIN_LAND',	'FORMATION_CLASS_LAND_COMBAT',	'LOC_UNIT_COMPOSITE_BOWMAN_NAME',	'LOC_UNIT_COMPOSITE_BOWMAN_DESCRIPTION',	'YIELD_GOLD',	null,					'PROMOTION_CLASS_RANGED',		2,		22,	32,		2,	0,		null,			'TECH_IRON_WORKING',		'TECH_MACHINERY',		0,		0,		0,		0,		0,		null,			1,		0),
('UNIT_CULVERIN',		2,		230,	'ADVISOR_CONQUEST',	2,		0,		'DOMAIN_LAND',	'FORMATION_CLASS_LAND_COMBAT',	'LOC_UNIT_CULVERIN_NAME',		'LOC_UNIT_CULVERIN_DESCRIPTION',		'YIELD_GOLD',	null,					'PROMOTION_CLASS_RANGED',		4,		40,	50,		2,	0,		null,			'TECH_GUNPOWDER',		'TECH_BALLISTICS',		0,		0,		0,		0,		0,		null,			1,		0),
('UNIT_FIELD_GUN',		2,		420,	'ADVISOR_CONQUEST',	2,		0,		'DOMAIN_LAND',	'FORMATION_CLASS_LAND_COMBAT',	'LOC_UNIT_FIELD_GUN_NAME',		'LOC_UNIT_FIELD_GUN_DESCRIPTION',		'YIELD_GOLD',	null,					'PROMOTION_CLASS_RANGED',		6,		58,	68,		2,	0,		null,			'TECH_STEEL',			'TECH_ADVANCED_BALLISTICS',	0,		0,		0,		0,		0,		null,			1,		0),
('UNIT_HEAVY_INFANTRY',		2,		87,	'ADVISOR_CONQUEST',	2,		1,		'DOMAIN_LAND',	'FORMATION_CLASS_LAND_COMBAT',	'LOC_UNIT_HEAVY_INFANTRY_NAME',		'LOC_UNIT_HEAVY_INFANTRY_DESCRIPTION',		'YIELD_GOLD',	null,					'PROMOTION_CLASS_ANTI_CAVALRY',		2,		33,	0,		0,	0,		null,			'TECH_IRON_WORKING',		'TECH_MILITARY_TACTICS',	0,		0,		0,		0,		0,		null,			1,		0),
('UNIT_ARMORED_HORSEMAN',	4,		100,	'ADVISOR_CONQUEST',	2,		1,		'DOMAIN_LAND',	'FORMATION_CLASS_LAND_COMBAT',	'LOC_UNIT_ARMORED_HORSEMAN_NAME',	'LOC_UNIT_ARMORED_HORSEMAN_DESCRIPTION',	'YIELD_GOLD',	null,					'PROMOTION_CLASS_HEAVY_CAVALRY',	2,		40,	0,		0,	0,		'RESOURCE_HORSES',	'TECH_HORSEBACK_RIDING',	'TECH_STIRRUPS',		0,		0,		0,		0,		0,		null,			1,		0),
('UNIT_REITER',			4,		260,	'ADVISOR_CONQUEST',	2,		1,		'DOMAIN_LAND',	'FORMATION_CLASS_LAND_COMBAT',	'LOC_UNIT_REITER_NAME',			'LOC_UNIT_REITER_DESCRIPTION',			'YIELD_GOLD',	null,					'PROMOTION_CLASS_HEAVY_CAVALRY',	4,		56,	0,		0,	0,		'RESOURCE_NITER',	'TECH_METAL_CASTING',		'TECH_ECONOMICS',		0,		0,		0,		0,		0,		null,			1,		0),
('UNIT_LANDSHIP',		4,		420,	'ADVISOR_CONQUEST',	2,		1,		'DOMAIN_LAND',	'FORMATION_CLASS_LAND_COMBAT',	'LOC_UNIT_LANDSHIP_NAME',		'LOC_UNIT_LANDSHIP_DESCRIPTION',		'YIELD_GOLD',	null,					'PROMOTION_CLASS_HEAVY_CAVALRY',	6,		80,	0,		0,	0,		'RESOURCE_OIL',		'TECH_COMBUSTION',		'TECH_COMBINED_ARMS',		0,		0,		0,		0,		0,		null,			1,		0),
('UNIT_RIFLED_CANNON',		2,		360,	'ADVISOR_CONQUEST',	2,		0,		'DOMAIN_LAND',	'FORMATION_CLASS_LAND_COMBAT',	'LOC_UNIT_RIFLED_CANNON_NAME',		'LOC_UNIT_RIFLED_CANNON_DESCRIPTION',		'YIELD_GOLD',	null,					'PROMOTION_CLASS_SIEGE',		5,		53,	0,		2,	65,		'RESOURCE_NITER',	'TECH_RIFLING',			'TECH_STEEL',			0,		0,		0,		0,		0,		null,			1,		0),
('UNIT_HEAVY_HOWITZER',		3,		560,	'ADVISOR_CONQUEST',	2,		0,		'DOMAIN_LAND',	'FORMATION_CLASS_LAND_COMBAT',	'LOC_UNIT_HEAVY_HOWITZER_NAME',		'LOC_UNIT_HEAVY_HOWITZER_DESCRIPTION',		'YIELD_GOLD',	null,					'PROMOTION_CLASS_SIEGE',		7,		72,	0,		3,	88,		'RESOURCE_OIL',		'TECH_ADVANCED_BALLISTICS',	'TECH_GUIDANCE_SYSTEMS',	0,		0,		0,		0,		0,		null,			1,		1),
('UNIT_LINE_INFANTRY',		2,		300,	'ADVISOR_CONQUEST',	2,		1,		'DOMAIN_LAND',	'FORMATION_CLASS_LAND_COMBAT',	'LOC_UNIT_LINE_INFANTRY_NAME',		'LOC_UNIT_LINE_INFANTRY_DESCRIPTION',		'YIELD_GOLD',	null,					'PROMOTION_CLASS_ANTI_CAVALRY',		4,		62,	0,		0,	0,		null,			'TECH_BALLISTICS',		'TECH_REPLACEABLE_PARTS',	0,		0,		0,		0,		0,		null,			1,		0),
('UNIT_WW1_INFANTRY',		2,		430,	'ADVISOR_CONQUEST',	2,		1,		'DOMAIN_LAND',	'FORMATION_CLASS_LAND_COMBAT',	'LOC_UNIT_WW1_INFANTRY_NAME',		'LOC_UNIT_WW1_INFANTRY_DESCRIPTION',		'YIELD_GOLD',	null,					'PROMOTION_CLASS_MELEE',		5,		70,	0,		0,	0,		null,			'TECH_REPLACEABLE_PARTS',	'TECH_PLASTICS',		0,		0,		0,		0,		0,		null,			1,		0),
('UNIT_FIELD_HOWITZER',		2,		500,	'ADVISOR_CONQUEST',	2,		0,		'DOMAIN_LAND',	'FORMATION_CLASS_LAND_COMBAT',	'LOC_UNIT_FIELD_HOWITZER_NAME',		'LOC_UNIT_FIELD_HOWITZER_DESCRIPTION',		'YIELD_GOLD',	null,					'PROMOTION_CLASS_RANGED',		7,		65,	75,		2,	0,		null,			'TECH_ADVANCED_BALLISTICS',	'TECH_TELECOMMUNICATIONS',	0,		0,		0,		0,		0,		null,			1,		0),
('UNIT_FIELD_ARTILLERY',	2,		600,	'ADVISOR_CONQUEST',	2,		0,		'DOMAIN_LAND',	'FORMATION_CLASS_LAND_COMBAT',	'LOC_UNIT_FIELD_ARTILLERY_NAME',	'LOC_UNIT_FIELD_ARTILLERY_DESCRIPTION',		'YIELD_GOLD',	null,					'PROMOTION_CLASS_RANGED',		8,		75,	85,		2,	0,		null,			'TECH_TELECOMMUNICATIONS',	null,				0,		0,		0,		0,		0,		null,			1,		0),
('UNIT_HARQUEBUSIER',		5,		250,	'ADVISOR_CONQUEST',	2,		1,		'DOMAIN_LAND',	'FORMATION_CLASS_LAND_COMBAT',	'LOC_UNIT_HARQUEBUSIER_NAME',		'LOC_UNIT_HARQUEBUSIER_DESCRIPTION',		'YIELD_GOLD',	null,					'PROMOTION_CLASS_LIGHT_CAVALRY',	3,		52,	0,		0,	0,		'RESOURCE_NITER',	'TECH_METAL_CASTING',		'TECH_MILITARY_SCIENCE',	0,		0,		0,		0,		0,		null,			1,		0),
('UNIT_MODERN_INFANTRY',	2,		640,	'ADVISOR_CONQUEST',	2,		1,		'DOMAIN_LAND',	'FORMATION_CLASS_LAND_COMBAT',	'LOC_UNIT_MODERN_INFANTRY_NAME',	'LOC_UNIT_MODERN_INFANTRY_DESCRIPTION',		'YIELD_GOLD',	null,					'PROMOTION_CLASS_MELEE',		6,		90,	0,		0,	0,		null,			'TECH_LASERS',			null,				0,		0,		0,		0,		0,		null,			1,		0),
('UNIT_ANTI_TANK_RIFLE',	2,		400,	'ADVISOR_CONQUEST',	2,		1,		'DOMAIN_LAND',	'FORMATION_CLASS_LAND_COMBAT',	'LOC_UNIT_ANTI_TANK_RIFLE_NAME',	'LOC_UNIT_ANTI_TANK_RIFLE_DESCRIPTION',		'YIELD_GOLD',	null,					'PROMOTION_CLASS_ANTI_CAVALRY',		5,		60,	68,		1,	0,		null,			'TECH_REPLACEABLE_PARTS',	'TECH_ROCKETRY',		0,		0,		0,		0,		0,		null,			1,		0),
('UNIT_ANTI_TANK_GUN',		2,		490,	'ADVISOR_CONQUEST',	2,		1,		'DOMAIN_LAND',	'FORMATION_CLASS_LAND_COMBAT',	'LOC_UNIT_ANTI_TANK_GUN_NAME',		'LOC_UNIT_ANTI_TANK_GUN_DESCRIPTION',		'YIELD_GOLD',	null,					'PROMOTION_CLASS_ANTI_CAVALRY',		6,		70,	75,		1,	0,		null,			'TECH_ROCKETRY',		'TECH_STEALTH_TECHNOLOGY',	0,		66,		0,		0,		0,		null,			1,		0),
('UNIT_MOUNTED_RIFLES',		5,		410,	'ADVISOR_CONQUEST',	2,		1,		'DOMAIN_LAND',	'FORMATION_CLASS_LAND_COMBAT',	'LOC_UNIT_MOUNTED_RIFLES_NAME',		'LOC_UNIT_MOUNTED_RIFLES_DESCRIPTION',		'YIELD_GOLD',	null,					'PROMOTION_CLASS_LIGHT_CAVALRY',	6,		70,	0,		0,	0,		'RESOURCE_HORSES',	'TECH_REPLACEABLE_PARTS',	'TECH_COMBINED_ARMS',		0,		0,		0,		0,		0,		null,			1,		0),
('UNIT_ARQUEBUSIER',		2,		240,	'ADVISOR_CONQUEST',	2,		0,		'DOMAIN_LAND',	'FORMATION_CLASS_LAND_COMBAT',	'LOC_UNIT_ARQUEBUSIER_NAME',		'LOC_UNIT_ARQUEBUSIER_DESCRIPTION',		'YIELD_GOLD',	null,					'PROMOTION_CLASS_AUTOMATIC_GUN',	3,		43,	47,		1,	0,		null,			'TECH_GUNPOWDER',		'TECH_BALLISTICS',		0,		0,		0,		0,		0,		null,			1,		0),
('UNIT_AXE_THROWER',		2,		180,	'ADVISOR_CONQUEST',	2,		0,		'DOMAIN_LAND',	'FORMATION_CLASS_LAND_COMBAT',	'LOC_UNIT_AXE_THROWER_NAME',		'LOC_UNIT_AXE_THROWER_DESCRIPTION',		'YIELD_GOLD',	null,					'PROMOTION_CLASS_AUTOMATIC_GUN',	3,		33,	37,		1,	0,		null,			'TECH_MILITARY_TACTICS',	'TECH_GUNPOWDER',		0,		0,		0,		0,		0,		null,			1,		0),
('UNIT_PELTAST',		2,		100,	'ADVISOR_CONQUEST',	2,		0,		'DOMAIN_LAND',	'FORMATION_CLASS_LAND_COMBAT',	'LOC_UNIT_PELTAST_NAME',		'LOC_UNIT_PELTAST_DESCRIPTION',			'YIELD_GOLD',	null,					'PROMOTION_CLASS_AUTOMATIC_GUN',	2,		25,	29,		1,	0,		null,			'TECH_IRON_WORKING',		'TECH_MILITARY_TACTICS',	0,		0,		0,		0,		0,		null,			1,		0),

-- Air Units
('UNIT_WW1_BOMBER',		7,		450,	'ADVISOR_CONQUEST',	4,		0,		'DOMAIN_AIR',	'FORMATION_CLASS_AIR',		'LOC_UNIT_WW1_BOMBER_NAME',		'LOC_UNIT_WW1_BOMBER_DESCRIPTION',		'YIELD_GOLD',	'PSEUDOYIELD_UNIT_AIR_COMBAT',		'PROMOTION_CLASS_AIR_BOMBER',		6,		65,	0,		7,	85,		null,			'TECH_FLIGHT',			'TECH_ADVANCED_FLIGHT',		1,		0,		0,		1,		1,		'DISTRICT_AERODROME',	0,		0),
('UNIT_STEALTH_BOMBER',		15,		720,	'ADVISOR_CONQUEST',	5,		0,		'DOMAIN_AIR',	'FORMATION_CLASS_AIR',		'LOC_UNIT_STEALTH_BOMBER_NAME',		'LOC_UNIT_STEALTH_BOMBER_DESCRIPTION',		'YIELD_GOLD',	'PSEUDOYIELD_UNIT_AIR_COMBAT',		'PROMOTION_CLASS_AIR_BOMBER',		8,		100,	0,		15,	130,		'RESOURCE_ALUMINUM',	'TECH_NANOTECHNOLOGY',		null,				1,		0,		0,		1,		1,		'DISTRICT_AERODROME',	0,		1),
('UNIT_STEALTH_FIGHTER',	10,		670,	'ADVISOR_CONQUEST',	5,		0,		'DOMAIN_AIR',	'FORMATION_CLASS_AIR',		'LOC_UNIT_STEALTH_FIGHTER_NAME',	'LOC_UNIT_STEALTH_FIGHTER_DESCRIPTION',		'YIELD_GOLD',	'PSEUDOYIELD_UNIT_AIR_COMBAT',		'PROMOTION_CLASS_AIR_FIGHTER',		8,		125,	115,		10,	0,		'RESOURCE_ALUMINUM',	'TECH_NANOTECHNOLOGY',		null,				1,		0,		0,		1,		1,		'DISTRICT_AERODROME',	0,		0),
('UNIT_WW1_GROUND_ATTACK',	5,		440,	'ADVISOR_CONQUEST',	4,		0,		'DOMAIN_AIR',	'FORMATION_CLASS_AIR',		'LOC_UNIT_WW1_GROUND_ATTACK_NAME',	'LOC_UNIT_WW1_GROUND_ATTACK_DESCRIPTION',	'YIELD_GOLD',	'PSEUDOYIELD_UNIT_AIR_COMBAT',		'PROMOTION_CLASS_AIR_ATTACK',		6,		75,	80,		5,	0,		null,			'TECH_FLIGHT',			'TECH_ADVANCED_FLIGHT',		1,		0,		0,		1,		1,		'DISTRICT_AERODROME',	0,		0),
('UNIT_GROUND_ATTACK',		8,		540,	'ADVISOR_CONQUEST',	4,		0,		'DOMAIN_AIR',	'FORMATION_CLASS_AIR',		'LOC_UNIT_GROUND_ATTACK_NAME',		'LOC_UNIT_GROUND_ATTACK_DESCRIPTION',		'YIELD_GOLD',	'PSEUDOYIELD_UNIT_AIR_COMBAT',		'PROMOTION_CLASS_AIR_ATTACK',		7,		95,	105,		8,	0,		'RESOURCE_ALUMINUM',	'TECH_ADVANCED_FLIGHT',		'TECH_LASERS',			1,		0,		0,		1,		1,		'DISTRICT_AERODROME',	0,		0),
('UNIT_JET_GROUND_ATTACK',	10,		675,	'ADVISOR_CONQUEST',	5,		0,		'DOMAIN_AIR',	'FORMATION_CLASS_AIR',		'LOC_UNIT_JET_GROUND_ATTACK_NAME',	'LOC_UNIT_JET_GROUND_ATTACK_DESCRIPTION',	'YIELD_GOLD',	'PSEUDOYIELD_UNIT_AIR_COMBAT',		'PROMOTION_CLASS_AIR_ATTACK',		8,		105,	115,		10,	0,		'RESOURCE_ALUMINUM',	'TECH_LASERS',			null,				1,		0,		0,		1,		1,		'DISTRICT_AERODROME',	0,		0),
('UNIT_STEALTH_ATTACK',		10,		700,	'ADVISOR_CONQUEST',	5,		0,		'DOMAIN_AIR',	'FORMATION_CLASS_AIR',		'LOC_UNIT_STEALTH_ATTACK_NAME',		'LOC_UNIT_STEALTH_ATTACK_DESCRIPTION',		'YIELD_GOLD',	'PSEUDOYIELD_UNIT_AIR_COMBAT',		'PROMOTION_CLASS_AIR_ATTACK',		8,		115,	125,		10,	0,		'RESOURCE_ALUMINUM',	'TECH_NANOTECHNOLOGY',		null,				1,		0,		0,		1,		1,		'DISTRICT_AERODROME',	0,		1),
('UNIT_UAV',			4,		700,	'ADVISOR_CONQUEST',	5,		0,		'DOMAIN_LAND',	'FORMATION_CLASS_SUPPORT',	'LOC_UNIT_UAV_NAME',			'LOC_UNIT_UAV_DESCRIPTION',			'YIELD_GOLD',	null,					'PROMOTION_CLASS_RANGED',		7,		60,	80,		1,	0,		'RESOURCE_ALUMINUM',	'TECH_ROBOTICS',		null,				1,		0,		0,		0,		0,		null,			1,		0),

-- Naval Units
('UNIT_CORVETTE',		4,		260,	'ADVISOR_CONQUEST',	3,		1,		'DOMAIN_SEA',	'FORMATION_CLASS_NAVAL',	'LOC_UNIT_CORVETTE_NAME',		'LOC_UNIT_CORVETTE_DESCRIPTION',		'YIELD_GOLD',	'PSEUDOYIELD_UNIT_NAVAL_COMBAT',	'PROMOTION_CLASS_NAVAL_MELEE',		4,		50,	0,		0,	0,		'RESOURCE_NITER',	'TECH_SQUARE_RIGGING',		'TECH_STEAM_POWER',		0,		0,		0,		0,		0,		null,			1,		0),
('UNIT_MISSILE_DESTROYER',	5,		660,	'ADVISOR_CONQUEST',	3,		1,		'DOMAIN_SEA',	'FORMATION_CLASS_NAVAL',	'LOC_UNIT_MISSILE_DESTROYER_NAME',	'LOC_UNIT_MISSILE_DESTROYER_DESCRIPTION',	'YIELD_GOLD',	'PSEUDOYIELD_UNIT_NAVAL_COMBAT',	'PROMOTION_CLASS_NAVAL_MELEE',		8,		90,	0,		0,	0,		'RESOURCE_OIL',		'TECH_ROBOTICS',		null,				1,		85,		0,		0,		0,		null,			1,		0),
('UNIT_SUPERCARRIER',		5,		680,	'ADVISOR_CONQUEST',	2,		1,		'DOMAIN_SEA',	'FORMATION_CLASS_NAVAL',	'LOC_UNIT_SUPERCARRIER_NAME',		'LOC_UNIT_SUPERCARRIER_DESCRIPTION',		'YIELD_GOLD',	'PSEUDOYIELD_UNIT_NAVAL_COMBAT',	'PROMOTION_CLASS_NAVAL_CARRIER',	8,		80,	0,		0,	0,		'RESOURCE_URANIUM',	'TECH_STEALTH_TECHNOLOGY',	null,				0,		0,		5,		0,		0,		null,			1,		0),
('UNIT_GALLEASS',		4,		240,	'ADVISOR_CONQUEST',	2,		1,		'DOMAIN_SEA',	'FORMATION_CLASS_NAVAL',	'LOC_UNIT_GALLEASS_NAME',		'LOC_UNIT_GALLEASS_DESCRIPTION',		'YIELD_GOLD',	'PSEUDOYIELD_UNIT_NAVAL_COMBAT',	'PROMOTION_CLASS_NAVAL_RANGED',		3,		35,	45,		2,	0,		'RESOURCE_NITER',	'TECH_EDUCATION',		'TECH_SQUARE_RIGGING',		0,		0,		0,		0,		0,		null,			1,		0),
('UNIT_ARMORED_CRUISER',	5,		400,	'ADVISOR_CONQUEST',	2,		1,		'DOMAIN_SEA',	'FORMATION_CLASS_NAVAL',	'LOC_UNIT_ARMORED_CRUISER_NAME',	'LOC_UNIT_ARMORED_CRUISER_DESCRIPTION',		'YIELD_GOLD',	'PSEUDOYIELD_UNIT_NAVAL_COMBAT',	'PROMOTION_CLASS_NAVAL_RANGED',		5,		55,	65,		2,	0,		'RESOURCE_COAL',	'TECH_STEAM_POWER',		'TECH_CHEMISTRY',		0,		0,		0,		0,		0,		null,			1,		0),
('UNIT_BATTLECRUISER',		5,		560,	'ADVISOR_CONQUEST',	2,		1,		'DOMAIN_SEA',	'FORMATION_CLASS_NAVAL',	'LOC_UNIT_BATTLECRUISER_NAME',		'LOC_UNIT_BATTLECRUISER_DESCRIPTION',		'YIELD_GOLD',	'PSEUDOYIELD_UNIT_NAVAL_COMBAT',	'PROMOTION_CLASS_NAVAL_RANGED',		6,		65,	75,		2,	0,		'RESOURCE_OIL',		'TECH_NUCLEAR_FISSION',		'TECH_NUCLEAR_FUSION',		0,		75,		0,		0,		0,		null,			1,		0),
('UNIT_GALLEON',		3,		280,	'ADVISOR_CONQUEST',	2,		1,		'DOMAIN_SEA',	'FORMATION_CLASS_NAVAL',	'LOC_UNIT_GALLEON_NAME',		'LOC_UNIT_GALLEON_DESCRIPTION',			'YIELD_GOLD',	'PSEUDOYIELD_UNIT_NAVAL_COMBAT',	'PROMOTION_CLASS_NAVAL_BOMBARD',	4,		40,	0,		3,	50,		'RESOURCE_NITER',	'TECH_EDUCATION',		'TECH_ASTRONOMY',		0,		0,		0,		0,		0,		null,			1,		0),
('UNIT_SHIP_OF_THE_LINE',	3,		320,	'ADVISOR_CONQUEST',	2,		1,		'DOMAIN_SEA',	'FORMATION_CLASS_NAVAL',	'LOC_UNIT_SHIP_OF_THE_LINE_NAME',	'LOC_UNIT_SHIP_OF_THE_LINE_DESCRIPTION',	'YIELD_GOLD',	'PSEUDOYIELD_UNIT_NAVAL_COMBAT',	'PROMOTION_CLASS_NAVAL_BOMBARD',	4,		50,	0,		3,	60,		'RESOURCE_NITER',	'TECH_ASTRONOMY',		'TECH_STEAM_POWER',		0,		0,		0,		0,		0,		null,			1,		0),
('UNIT_PRE_DREADNOUGHT',	4,		440,	'ADVISOR_CONQUEST',	2,		1,		'DOMAIN_SEA',	'FORMATION_CLASS_NAVAL',	'LOC_UNIT_PRE_DREADNOUGHT_NAME',	'LOC_UNIT_PRE_DREADNOUGHT_DESCRIPTION',		'YIELD_GOLD',	'PSEUDOYIELD_UNIT_NAVAL_COMBAT',	'PROMOTION_CLASS_NAVAL_BOMBARD',	5,		60,	0,		3,	70,		'RESOURCE_COAL',	'TECH_STEAM_POWER',		'TECH_CHEMISTRY',		0,		0,		0,		0,		0,		null,			1,		0),
('UNIT_ATTACK_SUBMARINE',	4,		550,	'ADVISOR_CONQUEST',	2,		0,		'DOMAIN_SEA',	'FORMATION_CLASS_NAVAL',	'LOC_UNIT_ATTACK_SUBMARINE_NAME',	'LOC_UNIT_ATTACK_SUBMARINE_DESCRIPTION',	'YIELD_GOLD',	'PSEUDOYIELD_UNIT_NAVAL_COMBAT',	'PROMOTION_CLASS_NAVAL_MELEE',		6,		85,	0,		0,	0,		'RESOURCE_OIL',		'TECH_GUIDANCE_SYSTEMS',	null,				0,		0,		0,		0,		0,		null,			1,		0),
('UNIT_INDUSTRIAL_MARINE',	2,		350,	'ADVISOR_CONQUEST',	2,		1,		'DOMAIN_LAND',	'FORMATION_CLASS_LAND_COMBAT',	'LOC_UNIT_INDUSTRIAL_MARINE_NAME',	'LOC_UNIT_INDUSTRIAL_MARINE_DESCRIPTION',	'YIELD_GOLD',	null,					'PROMOTION_CLASS_MARINE',		3,		60,	0,		0,	0,		null,			'TECH_MILITARY_SCIENCE',	'TECH_PLASTICS',		0,		0,		0,		0,		0,		null,			1,		0),
('UNIT_WW2_MARINE',		2,		430,	'ADVISOR_CONQUEST',	2,		1,		'DOMAIN_LAND',	'FORMATION_CLASS_LAND_COMBAT',	'LOC_UNIT_WW2_MARINE_NAME',		'LOC_UNIT_WW2_MARINE_DESCRIPTION',		'YIELD_GOLD',	null,					'PROMOTION_CLASS_MARINE',		5,		76,	0,		0,	0,		null,			'TECH_PLASTICS',		'TECH_SATELLITES',		0,		0,		0,		0,		0,		null,			1,		0),
('UNIT_MODERN_MARINE',		4,		650,	'ADVISOR_CONQUEST',	2,		1,		'DOMAIN_LAND',	'FORMATION_CLASS_LAND_COMBAT',	'LOC_UNIT_MODERN_MARINE_NAME',		'LOC_UNIT_MODERN_MARINE_DESCRIPTION',		'YIELD_GOLD',	null,					'PROMOTION_CLASS_MARINE',		7,		86,	0,		0,	0,		'RESOURCE_OIL',		'TECH_SATELLITES',		null,				0,		0,		0,		0,		0,		null,			1,		0),
('UNIT_GREEK_FIRE_SHIP',	3,		140,	'ADVISOR_CONQUEST',	2,		1,		'DOMAIN_SEA',	'FORMATION_CLASS_NAVAL',	'LOC_UNIT_GREEK_FIRE_SHIP_NAME',	'LOC_UNIT_GREEK_FIRE_SHIP_DESCRIPTION',		'YIELD_GOLD',	'PSEUDOYIELD_UNIT_NAVAL_COMBAT',	'PROMOTION_CLASS_NAVAL_BOMBARD',	3,		25,	0,		1,	30,		null,			'TECH_MATHEMATICS',		'TECH_EDUCATION',		0,		0,		0,		0,		0,		null,			1,		0),
('UNIT_TORPEDO_GUNBOAT',	5,		420,	'ADVISOR_CONQUEST',	3,		1,		'DOMAIN_SEA',	'FORMATION_CLASS_NAVAL',	'LOC_UNIT_TORPEDO_GUNBOAT_NAME',	'LOC_UNIT_TORPEDO_GUNBOAT_DESCRIPTION',		'YIELD_GOLD',	'PSEUDOYIELD_UNIT_NAVAL_COMBAT',	'PROMOTION_CLASS_NAVAL_MELEE',		6,		70,	0,		0,	0,		'RESOURCE_COAL',	'TECH_ELECTRICITY',		'TECH_COMPUTERS',		0,		0,		0,		0,		0,		null,			1,		0),
('UNIT_LIGHT_CRUISER',		5,		480,	'ADVISOR_CONQUEST',	2,		1,		'DOMAIN_SEA',	'FORMATION_CLASS_NAVAL',	'LOC_UNIT_LIGHT_CRUISER_NAME',		'LOC_UNIT_LIGHT_CRUISER_DESCRIPTION',		'YIELD_GOLD',	'PSEUDOYIELD_UNIT_NAVAL_COMBAT',	'PROMOTION_CLASS_NAVAL_RANGED',		5,		60,	70,		2,	0,		'RESOURCE_COAL',	'TECH_CHEMISTRY',		'TECH_NUCLEAR_FISSION',		0,		0,		0,		0,		0,		null,			1,		0),
('UNIT_DREADNOUGHT',		4,		520,	'ADVISOR_CONQUEST',	2,		1,		'DOMAIN_SEA',	'FORMATION_CLASS_NAVAL',	'LOC_UNIT_DREADNOUGHT_NAME',		'LOC_UNIT_DREADNOUGHT_DESCRIPTION',		'YIELD_GOLD',	'PSEUDOYIELD_UNIT_NAVAL_COMBAT',	'PROMOTION_CLASS_NAVAL_BOMBARD',	6,		70,	0,		3,	80,		'RESOURCE_COAL',	'TECH_CHEMISTRY',		'TECH_SYNTHETIC_MATERIALS',	0,		0,		0,		0,		0,		null,			1,		0),
('UNIT_RAILGUN_WARSHIP',	4,		690,	'ADVISOR_CONQUEST',	2,		1,		'DOMAIN_SEA',	'FORMATION_CLASS_NAVAL',	'LOC_UNIT_RAILGUN_WARSHIP_NAME',	'LOC_UNIT_RAILGUN_WARSHIP_DESCRIPTION',		'YIELD_GOLD',	'PSEUDOYIELD_UNIT_NAVAL_COMBAT',	'PROMOTION_CLASS_NAVAL_BOMBARD',	8,		90,	0,		3,	100,		'RESOURCE_OIL',		'TECH_ROBOTICS',		null,				0,		88,		0,		0,		0,		null,			1,		0),
('UNIT_RAIDER',			4,		380,	'ADVISOR_CONQUEST',	2,		1,		'DOMAIN_SEA',	'FORMATION_CLASS_NAVAL',	'LOC_UNIT_RAIDER_NAME',			'LOC_UNIT_RAIDER_DESCRIPTION',			'YIELD_GOLD',	'PSEUDOYIELD_UNIT_NAVAL_COMBAT',	'PROMOTION_CLASS_NAVAL_RAIDER',		5,		50,	60,		2,	0,		null,			'TECH_ECONOMICS',		'TECH_SYNTHETIC_MATERIALS',	0,		0,		0,		0,		0,		null,			1,		0),	

-- Deliverator's Units
('UNIT_LONGSWORDSMAN',		2,		160,	'ADVISOR_CONQUEST',	2,		1,		'DOMAIN_LAND',	'FORMATION_CLASS_LAND_COMBAT',	'LOC_UNIT_LONGSWORDSMAN_NAME',		'LOC_UNIT_LONGSWORDSMAN_DESCRIPTION',		'YIELD_GOLD',	null,					'PROMOTION_CLASS_MELEE',		2,		44,	0,		0,	0,		'RESOURCE_IRON',	'TECH_APPRENTICESHIP',		'TECH_GUNPOWDER',		0,		0,		0,		0,		0,		null,			1,		0),
('UNIT_RIFLEMAN',		2,		320,	'ADVISOR_CONQUEST',	2,		1,		'DOMAIN_LAND',	'FORMATION_CLASS_LAND_COMBAT',	'LOC_UNIT_RIFLEMAN_NAME',		'LOC_UNIT_RIFLEMAN_DESCRIPTION',		'YIELD_GOLD',	null,					'PROMOTION_CLASS_MELEE',		4,		62,	0,		0,	0,		'RESOURCE_NITER',	'TECH_RIFLING',			'TECH_REPLACEABLE_PARTS',	0,		0,		0,		0,		0,		null,			1,		0),
('UNIT_TREBUCHET',		2,		200,	'ADVISOR_CONQUEST',	2,		0,		'DOMAIN_LAND',	'FORMATION_CLASS_LAND_COMBAT',	'LOC_UNIT_TREBUCHET_NAME',		'LOC_UNIT_TREBUCHET_DESCRIPTION',		'YIELD_GOLD',	null,					'PROMOTION_CLASS_SIEGE',		3,		33,	0,		2,	45,		null,			'TECH_MILITARY_ENGINEERING',	'TECH_METAL_CASTING',		0,		0,		0,		0,		0,		null,			1,		0),
('UNIT_COG',			3,		150,	'ADVISOR_CONQUEST',	3,		1,		'DOMAIN_SEA',	'FORMATION_CLASS_NAVAL',	'LOC_UNIT_COG_NAME',			'LOC_UNIT_COG_DESCRIPTION',			'YIELD_GOLD',	'PSEUDOYIELD_UNIT_NAVAL_COMBAT',	'PROMOTION_CLASS_NAVAL_MELEE',		2,		32,	0,		0,	0,		null,			'TECH_APPRENTICESHIP',		'TECH_CARTOGRAPHY',		0,		0,		0,		0,		0,		null,			1,		0),
('UNIT_GATLING_GUN',		2,		320,	'ADVISOR_CONQUEST',	2,		0,		'DOMAIN_LAND',	'FORMATION_CLASS_LAND_COMBAT',	'LOC_UNIT_GATLING_GUN_NAME',		'LOC_UNIT_GATLING_GUN_DESCRIPTION',		'YIELD_GOLD',	null,					'PROMOTION_CLASS_AUTOMATIC_GUN',	4,		53,	57,		1,	0,		null,			'TECH_BALLISTICS',		'TECH_REPLACEABLE_PARTS',	0,		0,		0,		0,		0,		null,			1,		0) ;

-- R&F Compatibility
INSERT INTO Units 
	(UnitType, 			BaseMoves, 	Cost, 	AdvisorType, 		BaseSightRange, 	ZoneOfControl, 	Domain, 	FormationClass, 		Name,					Description, 					PurchaseYield,	PseudoYieldType,	PromotionClass,				Maintenance,	Combat,	RangedCombat,	Range,	Bombard,	StrategicResource,	PrereqTech,		MandatoryObsoleteTech,	CanTargetAir,	AntiAirCombat,	AirSlots,	IgnoreMoves,	Stackable,	PrereqDistrict,		CanCapture,	WMDCapable)
SELECT 'UNIT_WECE_PIKE_AND_SHOT',	2,		250,	'ADVISOR_CONQUEST',	2,			1,		'DOMAIN_LAND',	'FORMATION_CLASS_LAND_COMBAT',	'LOC_UNIT_WECE_PIKE_AND_SHOT_NAME',	'LOC_UNIT_WECE_PIKE_AND_SHOT_DESCRIPTION',	'YIELD_GOLD',	null,			'PROMOTION_CLASS_ANTI_CAVALRY',		4,		52,	0,		0,	0,		null,			'TECH_GUNPOWDER',	'TECH_BALLISTICS',	0,		0,		0,		0,		0,		null,			1,		0
WHERE NOT EXISTS (SELECT 1 FROM Units WHERE UnitType = 'UNIT_PIKE_AND_SHOT') ;

-- GS Compatibility
INSERT INTO Units
	(UnitType, 			BaseMoves, 	Cost, 	AdvisorType, 		BaseSightRange, 	ZoneOfControl, 	Domain, 	FormationClass, 		Name,					Description, 					PurchaseYield,	PseudoYieldType,	PromotionClass,				Maintenance,	Combat,	RangedCombat,	Range,	Bombard,	StrategicResource,	PrereqTech,		MandatoryObsoleteTech,	CanTargetAir,	AntiAirCombat,	AirSlots,	IgnoreMoves,	Stackable,	PrereqDistrict,		CanCapture,	WMDCapable)
SELECT 'UNIT_EXPLORER',			3,		120,	'ADVISOR_CONQUEST',	2,			1,		'DOMAIN_LAND',	'FORMATION_CLASS_LAND_COMBAT',	'LOC_UNIT_EXPLORER_NAME',		'LOC_UNIT_EXPLORER_DESCRIPTION',		'YIELD_GOLD',	null,			'PROMOTION_CLASS_RECON',		3,		35,	0,		0,	0,		null,			'TECH_EDUCATION',	'TECH_RIFLING',		0,		0,		0,		0,		0,		null,			1,		0
WHERE NOT EXISTS (SELECT 1 FROM Units WHERE UnitType = 'UNIT_SKIRMISHER');

INSERT INTO Units
	(UnitType, 			BaseMoves, 	Cost, 	AdvisorType, 		BaseSightRange, 	ZoneOfControl, 	Domain, 	FormationClass, 		Name,					Description, 					PurchaseYield,	PseudoYieldType,	PromotionClass,				Maintenance,	Combat,	RangedCombat,	Range,	Bombard,	StrategicResource,	PrereqTech,		MandatoryObsoleteTech,	CanTargetAir,	AntiAirCombat,	AirSlots,	IgnoreMoves,	Stackable,	PrereqDistrict,		CanCapture,	WMDCapable)
SELECT	'UNIT_MEDIEVAL_HORSEMAN',	4,		170,	'ADVISOR_CONQUEST',	2,			1,		'DOMAIN_LAND',	'FORMATION_CLASS_LAND_COMBAT',	'LOC_UNIT_MEDIEVAL_HORSEMAN_NAME',	'LOC_UNIT_MEDIEVAL_HORSEMAN_DESCRIPTION',	'YIELD_GOLD',	null,			'PROMOTION_CLASS_LIGHT_CAVALRY',	2,		44,	0,		0,	0,		'RESOURCE_HORSES',	'TECH_STIRRUPS',	'TECH_METAL_CASTING',	0,		0,		0,		0,		0,		null,			1,		0
WHERE NOT EXISTS (SELECT 1 FROM Units WHERE UnitType = 'UNIT_COURSER');

INSERT INTO Units
	(UnitType, 			BaseMoves, 	Cost, 	AdvisorType, 		BaseSightRange, 	ZoneOfControl, 	Domain, 	FormationClass, 		Name,					Description, 					PurchaseYield,	PseudoYieldType,	PromotionClass,				Maintenance,	Combat,	RangedCombat,	Range,	Bombard,	StrategicResource,	PrereqTech,		MandatoryObsoleteTech,	CanTargetAir,	AntiAirCombat,	AirSlots,	IgnoreMoves,	Stackable,	PrereqDistrict,		CanCapture,	WMDCapable)
SELECT	'UNIT_DLV_CUIRASSIER',		4,		340,	'ADVISOR_CONQUEST',	2,			1,		'DOMAIN_LAND',	'FORMATION_CLASS_LAND_COMBAT',	'LOC_UNIT_DLV_CUIRASSIER_NAME',		'LOC_UNIT_DLV_CUIRASSIER_DESCRIPTION',		'YIELD_GOLD',	null,			'PROMOTION_CLASS_HEAVY_CAVALRY',	5,		66,	0,		0,	0,		'RESOURCE_NITER',	'TECH_ECONOMICS',	'TECH_COMBUSTION',	0,		0,		0,		0,		0,		null,			1,		0
WHERE NOT EXISTS (SELECT 1 FROM Units WHERE UnitType = 'UNIT_CUIRASSIER');


-- Units_XP2
CREATE TABLE IF NOT EXISTS Units_XP2 (UnitType VARCHAR, ResourceMaintenanceAmount INTEGER, ResourceCost INTEGER, ResourceMaintenanceType VARCHAR, TourismBomb INTEGER, CanEarnExperience BOOLEAN, TourismBombPossible BOOLEAN, CanFormMilitaryFormation BOOLEAN, MajorCivOnly BOOLEAN) ;

-- Land Units
DELETE FROM Units_XP2 WHERE UnitType = 'UNIT_INFANTRY' AND EXISTS (SELECT UnitType FROM Units WHERE UnitType = 'UNIT_COURSER');

INSERT INTO Units_XP2
(UnitType, 			ResourceMaintenanceAmount, 	ResourceCost,	ResourceMaintenanceType, 	TourismBomb,	CanEarnExperience,	TourismBombPossible,	CanFormMilitaryFormation,	MajorCivOnly)
VALUES
('UNIT_ARMORED_INFANTRY', 	1, 				1,		'RESOURCE_OIL', 		0,		1,			0,			1,				0),
('UNIT_ARMORED_HORSEMAN', 	0, 				20, 		NULL, 				0,		1,			0,			1,				0) ;
('UNIT_REITER', 		0, 				20, 		NULL, 				0, 		1, 			0, 			1, 				0),
('UNIT_LANDSHIP',		1, 				1, 		'RESOURCE_OIL', 		0, 		1, 			0, 			1, 				0),
('UNIT_RIFLED_CANNON', 		0, 				20, 		NULL, 				0, 		1, 			0, 			1, 				0),
('UNIT_HEAVY_HOWITZER', 	1, 				1, 		'RESOURCE_OIL', 		0, 		1, 			0, 			1, 				0),
('UNIT_HARQUEBUSIER', 		0, 				20, 		NULL, 				0, 		1, 			0, 			1, 				0),
('UNIT_MOUNTED_RIFLES', 	0, 				20, 		NULL, 				0, 		1, 			0, 			1, 				0),
('UNIT_WW1_BOMBER', 		1, 				1, 		'RESOURCE_OIL', 		0, 		1, 			0, 			0, 				0),
('UNIT_STEALTH_BOMBER',		1, 				1, 		'RESOURCE_ALUMINUM', 		0, 		1, 			0, 			0, 				0),
('UNIT_STEALTH_FIGHTER', 	1, 				1, 		'RESOURCE_ALUMINUM', 		0, 		1, 			0, 			0, 				0),
('UNIT_WW1_GROUND_ATTACK', 	1, 				1, 		'RESOURCE_OIL', 		0, 		1, 			0, 			0, 				0),
('UNIT_GROUND_ATTACK', 		1, 				1, 		'RESOURCE_ALUMINUM', 		0, 		1, 			0, 			0, 				0),
('UNIT_JET_GROUND_ATTACK', 	1, 				1, 		'RESOURCE_ALUMINUM', 		0, 		1, 			0, 			0, 				0),
('UNIT_STEALTH_ATTACK',		1,				1, 		'RESOURCE_ALUMINUM', 		0, 		1, 			0, 			0, 				0),
('UNIT_UAV', 			1, 				1, 		'RESOURCE_ALUMINUM', 		0, 		1, 			0, 			0, 				0),
('UNIT_CORVETTE', 		0, 				20, 		NULL, 				0, 		1, 			0, 			1, 				0),
('UNIT_TORPEDO_GUNBOAT', 	1, 				1, 		'RESOURCE_COAL', 		0, 		1, 			0, 			1, 				0),
('UNIT_SHIP_OF_THE_LINE', 	0, 				20, 		NULL, 				0, 		1, 			0, 			1, 				0),
('UNIT_SUPERCARRIER', 		1, 				1, 		'RESOURCE_URANIUM', 		0, 		1, 			0, 			1, 				0),
('UNIT_GALLEON', 		0, 				20, 		NULL, 				0, 		1, 			0, 			1, 				0),
('UNIT_GALLEASS', 		0, 				20, 		NULL, 				0, 		1, 			0, 			1, 				0),
('UNIT_MISSILE_DESTROYER', 	1, 				1, 		'RESOURCE_OIL', 		0, 		1, 			0, 			1, 				0),
('UNIT_ARMORED_CRUISER', 	1, 				1, 		'RESOURCE_COAL', 		0, 		1, 			0, 			1, 				0),
('UNIT_BATTLECRUISER', 		1, 				1, 		'RESOURCE_OIL', 		0, 		1, 			0, 			1, 				0),
('UNIT_LIGHT_CRUISER', 		1, 				1, 		'RESOURCE_COAL', 		0, 		1, 			0, 			1, 				0),
('UNIT_PRE_DREADNOUGHT', 	1, 				1, 		'RESOURCE_COAL', 		0, 		1, 			0, 			1, 				0),
('UNIT_DREADNOUGHT', 		1, 				1, 		'RESOURCE_COAL', 		0, 		1, 			0, 			1, 				0),
('UNIT_RAILGUN_WARSHIP', 	1, 				1, 		'RESOURCE_OIL', 		0,		1, 			0, 			1, 				0),
('UNIT_MODERN_MARINE', 		1, 				1, 		'RESOURCE_OIL', 		0, 		1, 			0, 			1, 				0),
('UNIT_AIRCRAFT_CARRIER', 	1, 				1, 		'RESOURCE_OIL', 		0, 		1, 			0, 			1, 				0),
('UNIT_RIFLEMAN', 		0, 				20, 		NULL, 				0, 		1, 			0, 			1, 				0),
('UNIT_LONGSWORDSMAN', 		0, 				20, 		NULL, 				0, 		1, 			0, 			1, 				0) ;

-- Deliverator's Units
INSERT INTO Units_XP2
(UnitType,			ResourceMaintenanceAmount, 	ResourceCost,	ResourceMaintenanceType, 	TourismBomb,	CanEarnExperience,	TourismBombPossible,	CanFormMilitaryFormation,	MajorCivOnly)
SELECT 	UnitType,		0, 				20, 		NULL, 				0, 		1, 			0, 			1, 				0 
FROM Units WHERE UnitType = 'UNIT_DLV_CUIRASSIER';

INSERT INTO Units_XP2
(UnitType,			ResourceMaintenanceAmount, 	ResourceCost,	ResourceMaintenanceType, 	TourismBomb,	CanEarnExperience,	TourismBombPossible,	CanFormMilitaryFormation,	MajorCivOnly)
SELECT UnitType, 		0, 				20, 		NULL, 				0, 		1, 			0, 			1, 				0
FROM Units WHERE UnitType = 'UNIT_MEDIEVAL_HORSEMAN';



-- Unit Upgrades
-- Land Units
INSERT INTO UnitUpgrades
(Unit,				UpgradeUnit)
VALUES	
('UNIT_ARMORED_INFANTRY',	'UNIT_MECHANIZED_INFANTRY'),
('UNIT_COMPOSITE_BOWMAN',	'UNIT_CROSSBOWMAN'),
('UNIT_CULVERIN',		'UNIT_FIELD_CANNON'),
('UNIT_FIELD_GUN',		'UNIT_FIELD_HOWITZER'),
('UNIT_HEAVY_INFANTRY',		'UNIT_PIKEMAN'),
('UNIT_ARMORED_HORSEMAN',	'UNIT_KNIGHT'),
('UNIT_LANDSHIP',		'UNIT_TANK'),
('UNIT_RIFLED_CANNON',		'UNIT_ARTILLERY'),
('UNIT_HEAVY_HOWITZER',		'UNIT_ROCKET_ARTILLERY'),
('UNIT_LINE_INFANTRY',		'UNIT_ANTI_TANK_RIFLE'),
('UNIT_WW1_INFANTRY',		'UNIT_INFANTRY'),
('UNIT_FIELD_HOWITZER',		'UNIT_FIELD_ARTILLERY'),
('UNIT_HARQUEBUSIER',		'UNIT_CAVALRY'),
('UNIT_MACHINE_GUN',		'UNIT_AT_CREW'),
('UNIT_ANTI_TANK_RIFLE',	'UNIT_ANTI_TANK_GUN'),
('UNIT_ANTI_TANK_GUN',		'UNIT_HELICOPTER'),
('UNIT_MOUNTED_RIFLES',		'UNIT_ARMORED_INFANTRY'),
('UNIT_ARQUEBUSIER',		'UNIT_GATLING_GUN'),
('UNIT_AXE_THROWER',		'UNIT_ARQUEBUSIER'),
('UNIT_PELTAST',		'UNIT_AXE_THROWER'),
('UNIT_WW1_BOMBER',		'UNIT_BOMBER'),
('UNIT_JET_BOMBER',		'UNIT_STEALTH_BOMBER'),
('UNIT_JET_FIGHTER',		'UNIT_STEALTH_FIGHTER'),
('UNIT_WW1_GROUND_ATTACK',	'UNIT_GROUND_ATTACK'),
('UNIT_GROUND_ATTACK',		'UNIT_JET_GROUND_ATTACK'),
('UNIT_JET_GROUND_ATTACK',	'UNIT_STEALTH_ATTACK'),
('UNIT_CORVETTE',		'UNIT_IRONCLAD'),
('UNIT_DESTROYER',		'UNIT_MISSILE_DESTROYER'),
('UNIT_AIRCRAFT_CARRIER',	'UNIT_SUPERCARRIER'),
('UNIT_GALLEASS',		'UNIT_FRIGATE'),
('UNIT_ARMORED_CRUISER',	'UNIT_LIGHT_CRUISER'),
('UNIT_BATTLECRUISER',		'UNIT_MISSILE_CRUISER'),
('UNIT_GALLEON',		'UNIT_SHIP_OF_THE_LINE'),
('UNIT_SHIP_OF_THE_LINE',	'UNIT_PRE_DREADNOUGHT'),
('UNIT_PRE_DREADNOUGHT',	'UNIT_DREADNOUGHT'),
('UNIT_INDUSTRIAL_MARINE',	'UNIT_WW2_MARINE'),
('UNIT_WW2_MARINE',		'UNIT_MODERN_MARINE'),
('UNIT_GREEK_FIRE_SHIP',	'UNIT_GALLEON'),
('UNIT_TORPEDO_GUNBOAT',	'UNIT_DESTROYER'),
('UNIT_LIGHT_CRUISER',		'UNIT_BATTLECRUISER'),
('UNIT_DREADNOUGHT',		'UNIT_BATTLESHIP'),
('UNIT_RAIDER',			'UNIT_SUBMARINE'),
('UNIT_LONGSWORDSMAN',		'UNIT_MUSKETMAN'),
('UNIT_RIFLEMAN',		'UNIT_WW1_INFANTRY'),
('UNIT_TREBUCHET',		'UNIT_BOMBARD'),
('UNIT_COG',			'UNIT_CARAVEL'),
('UNIT_GATLING_GUN',		'UNIT_MACHINE_GUN') ;


-- R&F Compatibility
INSERT INTO UnitUpgrades
	(Unit,				UpgradeUnit)
SELECT	'UNIT_WECE_PIKE_AND_SHOT',	'UNIT_LINE_INFANTRY'
WHERE EXISTS (SELECT 1 FROM Units WHERE UnitType = 'UNIT_WECE_PIKE_AND_SHOT') ;


-- GS Compatibility
INSERT INTO UnitUpgrades
	(Unit,				UpgradeUnit)
SELECT	'UNIT_EXPLORER',		'UNIT_RANGER'
WHERE EXISTS (SELECT 1 FROM Units WHERE UnitType = 'UNIT_EXPLORER') ;

INSERT INTO UnitUpgrades
	(Unit,				UpgradeUnit)
SELECT	'UNIT_MEDIEVAL_HORSEMAN',	'UNIT_HARQUEBUSIER'
WHERE EXISTS (SELECT 1 FROM Units WHERE UnitType = 'UNIT_MEDIEVAL_HORSEMAN') ;

INSERT INTO UnitUpgrades
	(Unit,				UpgradeUnit)
SELECT	'UNIT_REITER',			'UNIT_DLV_CUIRASSIER'
WHERE EXISTS (SELECT 1 FROM Units WHERE UnitType = 'UNIT_DLV_CUIRASSIER') ;

INSERT INTO UnitUpgrades
	(Unit,				UpgradeUnit)
SELECT	'UNIT_REITER',			'UNIT_CUIRASSIER'
WHERE EXISTS (SELECT 1 FROM Units WHERE UnitType = 'UNIT_CUIRASSIER');

INSERT INTO UnitUpgrades
	(Unit,				UpgradeUnit)
SELECT	'UNIT_DLV_CUIRASSIER',		'UNIT_LANDSHIP'
WHERE EXISTS (SELECT 1 FROM Units WHERE UnitType = 'UNIT_DLV_CUIRASSIER');


-- Unit Replaces
INSERT INTO UnitReplaces
(CivUniqueUnitType,			ReplacesUnitType)
VALUES	
('UNIT_NORWEGIAN_BERSERKER',		'UNIT_LONGSWORDSMAN'),
('UNIT_JAPANESE_SAMURAI',		'UNIT_LONGSWORDSMAN'),
('UNIT_ENGLISH_REDCOAT',		'UNIT_RIFLEMAN'),
('UNIT_FRENCH_GARDE_IMPERIALE',		'UNIT_RIFLEMAN') ;

-- Civilization & Scenario Pack Compatibility
DELETE FROM UnitReplaces WHERE CivUniqueUnitType = 'UNIT_MACEDONIAN_HYPASPIST' AND ReplacesUnitType = 'UNIT_SWORDSMAN' AND EXISTS (SELECT 1 FROM Units WHERE UnitType = 'UNIT_MACEDONIAN_HYPASPIST') ;

INSERT INTO UnitReplaces
(CivUniqueUnitType,			ReplacesUnitType)
SELECT	'UNIT_POLISH_HUSSAR',		'UNIT_REITER'
WHERE EXISTS (SELECT 1 FROM Units WHERE UnitType = 'UNIT_POLISH_HUSSAR') ;


-- R&F Compatability
INSERT INTO UnitReplaces
(CivUniqueUnitType,			ReplacesUnitType)
SELECT 	'UNIT_GEORGIAN_KHEVSURETI',	'UNIT_LONGSWORDSMAN'
WHERE EXISTS (SELECT 1 FROM Units WHERE UnitType = 'UNIT_GEORGIAN_KHEVSURETI') ;

INSERT INTO UnitReplaces
(CivUniqueUnitType,			ReplacesUnitType)
SELECT	'UNIT_MAPUCHE_MALON_RAIDER',	'UNIT_HARQUEBUSIER'
WHERE EXISTS (SELECT 1 FROM Units WHERE UnitType = 'UNIT_MAPUCHE_MALON_RAIDER') ;

INSERT INTO UnitReplaces
(CivUniqueUnitType, 			ReplacesUnitType)
SELECT 'UNIT_SPANISH_TERCIO', 		'UNIT_PIKE_AND_SHOT'
WHERE NOT EXISTS (SELECT 1 FROM Units WHERE UnitType = 'UNIT_AMERICAN_AH64_APACHE')
AND EXISTS (SELECT 1 FROM Units WHERE UnitType = 'UNIT_SPANISH_TERCIO') ;

-- GS Compatibility
INSERT INTO UnitReplaces
(CivUniqueUnitType,			ReplacesUnitType)
SELECT	'UNIT_AMERICAN_ROUGH_RIDER',	'UNIT_DLV_CUIRASSIER'
WHERE EXISTS (SELECT 1 FROM Units WHERE UnitType = 'UNIT_DLV_CUIRASSIER') ;

INSERT INTO UnitReplaces 
(CivUniqueUnitType,			ReplacesUnitType)
SELECT 'UNIT_AMERICAN_ROUGH_RIDER', 	'UNIT_CUIRASSIER'
WHERE NOT EXISTS (SELECT 1 FROM Units WHERE UnitType = 'UNIT_AMERICAN_AH64_APACHE')
AND EXISTS (SELECT 1 FROM Units WHERE UnitType = 'UNIT_CUIRASSIER') ;

-- Technology Prereqs
INSERT INTO TechnologyPrereqs
(Technology,				PrereqTech)
VALUES	
('TECH_ASTRONOMY',			'TECH_MASS_PRODUCTION') ;

/*  
?????????????????????????????????????????
?????????????????????????????????????????
???? 2019-08-05 DB: What's this for? ????
?????????????????????????????????????????
?????????????????????????????????????????
DELETE FROM TechnologyPrereqs WHERE Technology = 'TECH_MASS_PRODUCTION' AND PrereqTech = 'TECH_SHIPBUILDING';

INSERT INTO TechnologyPrereqs
(Technology,			PrereqTech)
VALUES	
('TECH_CARTOGRAPHY',		'TECH_MILITARY_TACTICS'),
('TECH_MASS_PRODUCTION',	'TECH_CARTOGRAPHY'),
('TECH_SQUARE_RIGGING',		'TECH_MASS_PRODUCTION'),
('TECH_EDUCATION',		'TECH_MILITARY_TACTICS'),
('TECH_ASTRONOMY',		'TECH_MASS_PRODUCTION'),
('TECH_NANOTECHNOLOGY',		'TECH_STEALTH_TECHNOLOGY'),
('TECH_NANOTECHNOLOGY',		'TECH_LASERS'),
('TECH_NANOTECHNOLOGY',		'TECH_GUIDANCE_SYSTEMS'),
('TECH_MILITARY_TACTICS',	'TECH_CONSTRUCTION'),
('TECH_CONSTRUCTION',		'TECH_IRON_WORKING'),
('TECH_ROBOTICS',		'TECH_SATELLITES'),
('TECH_IRON_WORKING',		'TECH_ARCHERY'),
('TECH_REPLACEABLE_PARTS',	'TECH_RIFLING') ;

?????????????????????????????????????????
?????????????????????????????????????????
*/


-- ------------------------------------------ 
-- ------------------------------------------ 
-- Steel & Thunder Unique Units Compatibility 
-- ----------------------------- -------------
-- ------------------------------------------ 
-- Unit Replaces
INSERT INTO UnitReplaces 
	(CivUniqueUnitType, 			ReplacesUnitType) 
SELECT 	'UNIT_ARABIAN_GHAZI', 			'UNIT_LONGSWORDSMAN'
WHERE EXISTS (SELECT 1 FROM Units WHERE UnitType = 'UNIT_LONGSWORDSMAN')
AND   EXISTS (SELECT 1 FROM Units WHERE UnitType = 'UNIT_ARABIAN_GHAZI') ;

INSERT INTO UnitReplaces
	(CivUniqueUnitType, 			ReplacesUnitType)
SELECT	'UNIT_RUSSIAN_DRUZHINA', 		'UNIT_MEDIEVAL_HORSEMAN'
WHERE EXISTS (SELECT 1 FROM Units WHERE UnitType = 'UNIT_MEDIEVAL_HORSEMAN')
AND   EXISTS (SELECT 1 FROM Units WHERE UnitType = 'UNIT_RUSSIAN_DRUZHINA');

INSERT INTO UnitReplaces
	(CivUniqueUnitType, 			ReplacesUnitType)
SELECT 	'UNIT_SPANISH_JINETE', 			'UNIT_MEDIEVAL_HORSEMAN'
WHERE EXISTS (SELECT 1 FROM Units WHERE UnitType = 'UNIT_MEDIEVAL_HORSEMAN')
AND   EXISTS (SELECT 1 FROM Units WHERE UnitType = 'UNIT_SPANISH_JINETE');

INSERT INTO UnitReplaces
	(CivUniqueUnitType, 			ReplacesUnitType)
SELECT 	'UNIT_BRAZILIAN_FATHERLAND_VOLUNTEER', 	'UNIT_RIFLEMAN'
WHERE EXISTS (SELECT 1 FROM Units WHERE UnitType = 'UNIT_RIFLEMAN')
AND   EXISTS (SELECT 1 FROM Units WHERE UnitType = 'UNIT_BRAZILIAN_FATHERLAND_VOLUNTEER');

INSERT INTO UnitReplaces
	(CivUniqueUnitType, 			ReplacesUnitType)
SELECT 	'UNIT_GREEK_ARMATOLOS', 		'UNIT_RIFLEMAN'
WHERE EXISTS (SELECT 1 FROM Units WHERE UnitType = 'UNIT_RIFLEMAN')
AND   EXISTS (SELECT 1 FROM Units WHERE UnitType = 'UNIT_GREEK_ARMATOLOS');

INSERT INTO UnitReplaces
	(CivUniqueUnitType, 			ReplacesUnitType)
SELECT 	'UNIT_INDIAN_SEPOY', 			'UNIT_RIFLEMAN'
WHERE EXISTS (SELECT 1 FROM Units WHERE UnitType = 'UNIT_RIFLEMAN')
AND   EXISTS (SELECT 1 FROM Units WHERE UnitType = 'UNIT_INDIAN_SEPOY');

-- Civilization & Scenario Pack Compatibility
INSERT INTO UnitReplaces
	(CivUniqueUnitType, 			ReplacesUnitType)
SELECT 	'UNIT_PERSIAN_CATAPHRACT', 		'UNIT_ARMORED_HORSEMAN'
WHERE EXISTS (SELECT 1 FROM Units WHERE UnitType = 'UNIT_ARMORED_HORSEMAN')
AND   EXISTS (SELECT 1 FROM Units WHERE UnitType = 'UNIT_PERSIAN_CATAPHRACT');

-- R&F Compatibility
INSERT INTO UnitReplaces
	(CivUniqueUnitType, 			ReplacesUnitType)
SELECT 	'UNIT_SCOTTISH_GALLOWGLASS', 		'UNIT_LONGSWORDSMAN'
WHERE EXISTS (SELECT 1 FROM Units WHERE UnitType = 'UNIT_LONGSWORDSMAN')
AND   EXISTS (SELECT 1 FROM Units WHERE UnitType = 'UNIT_SCOTTISH_GALLOWGLASS');

INSERT INTO UnitReplaces
	(CivUniqueUnitType, 			ReplacesUnitType)
SELECT 	'UNIT_MONGOLIAN_HUI_HUI_PAO', 		'UNIT_TREBUCHET'
WHERE EXISTS (SELECT 1 FROM Units WHERE UnitType = 'UNIT_TREBUCHET')
AND   EXISTS (SELECT 1 FROM Units WHERE UnitType = 'UNIT_MONGOLIAN_HUI_HUI_PAO');

-- GS Compatibility
INSERT INTO UnitReplaces
	(CivUniqueUnitType, 			ReplacesUnitType)
SELECT 	'UNIT_ELEANOR_TEMPLAR', 		'UNIT_LONGSWORDSMAN'
WHERE EXISTS (SELECT 1 FROM Units WHERE UnitType = 'UNIT_LONGSWORDSMAN')
AND   EXISTS (SELECT 1 FROM Units WHERE UnitType = 'UNIT_ELEANOR_TEMPLAR');



-- Unit Upgrades
INSERT INTO UnitUpgrades
	(Unit, 					UpgradeUnit)
SELECT 	'UNIT_JAPANESE_YAMATO', 		'UNIT_RAILGUN_WARSHIP'
WHERE EXISTS (SELECT 1 FROM Units WHERE UnitType = 'UNIT_JAPANESE_YAMATO')
AND   EXISTS (SELECT 1 FROM Units WHERE UnitType = 'UNIT_RAILGUN_WARSHIP');

-- GS Compatibility
INSERT INTO UnitUpgrades
	(Unit, 					UpgradeUnit)
SELECT	'UNIT_CANADA_HMCS_HAIDA', 		'UNIT_MISSILE_DESTROYER'
WHERE EXISTS (SELECT 1 FROM Units WHERE UnitType = 'UNIT_MISSILE_DESTROYER')
AND	  EXISTS (SELECT 1 FROM Units WHERE UnitType = 'UNIT_CANADA_HMCS_HAIDA');
